,Sequence,Start,End
0,TT[T/C]TT,67190846,67190851
1,TTT[T/C]T,67190846,67190851
2,[C/T]TTTT,67190846,67190851
3,TTTT[T/C]TT,67190846,67190853
4,TTTTT[T/C]T,67190846,67190853
5,[C/T]TTTTTT,67190846,67190853
6,TTT[T/C]T,67190847,67190852
7,[T/C]TTTT,67190848,67190853
8,TTT[T/C]T,67191242,67191247
9,TT[T/C]TT,67191242,67191247
10,[G/A]TTTG,67191525,67191530
11,AT[T/G]TA,67191682,67191687
12,ATTT[-/T]ATTTA,67191682,67191687
13,[A/G]TTAAA,67191747,67191753
14,[A/G]TATTTTTA,67191753,67191762
15,A[T/C]ATTTTTA,67191753,67191762
16,[T/C]ATTTTT,67191754,67191761
17,A[T/C]TTTTA,67191755,67191762
18,[T/C]TTTT,67191756,67191761
19,T[T/C]TTA,67191757,67191762
20,ATT[T/-]T,67192552,67192557
21,GT[T/C]TG,67192892,67192897
22,A[A/C]TAAA,67193007,67193013
23,[A/C]ATAAA,67193007,67193013
24,[G/T]TTTA,67193132,67193137
25,T[T/G]TTT,67193176,67193181
26,[-/T]TTTT,67193176,67193181
27,TTT[T/G]TTA,67193176,67193183
28,[-/T]TTTTTA,67193176,67193183
29,TTTTT[T/G]AAA,67193176,67193185
30,[-/T]TTTTTAAA,67193176,67193185
31,TT[T/G]TT,67193177,67193182
32,TTTT[T/G]AA,67193177,67193184
33,TTT[T/G]A,67193178,67193183
34,TT[T/C]TA,67193412,67193417
35,AT[T/G]TA,67193457,67193462
36,[G/A/C]TTTG,67193508,67193513
37,GTTT[-/T]GTTTG,67193508,67193513
38,A[T/C]TTT,67193578,67193583
39,[T/C]ATTTTT,67193692,67193699
40,TATTT[A/G/T]T,67193692,67193699
41,TAT[T/A]TTT,67193692,67193699
42,TATT[T/C]TT,67193692,67193699
43,TA[T/C]TTTTTT,67193692,67193701
44,TATTTTT[A/G/T]T,67193692,67193701
45,TATTT[T/A]TTT,67193692,67193701
46,TATTTT[T/C]TT,67193692,67193701
47,TATT[T/C]TTTTTT,67193692,67193703
48,TATTTTTTT[A/G/T]T,67193692,67193703
49,TATTTTT[T/A]TTT,67193692,67193703
50,TATTTTTT[T/C]TT,67193692,67193703
51,TAT[T/C/G]TTTTTTTTT,67193692,67193705
52,TATTTT[T/C]TTTTTT,67193692,67193705
53,TATTTTTTTTT[A/G/T]T,67193692,67193705
54,[T/A]ATTTTTTTTTTT,67193692,67193705
55,TATTTTTTT[T/A]TTT,67193692,67193705
56,TATTTTTTTT[T/C]TT,67193692,67193705
57,[TATT/-]TTTTTTTTT,67193692,67193705
58,A[T/C]TTTTT,67193693,67193700
59,ATTT[T/A]TT,67193693,67193700
60,ATTTT[T/C]T,67193693,67193700
61,ATT[T/C]TTTTT,67193693,67193702
62,ATTTTT[T/A]TT,67193693,67193702
63,ATTTTTT[T/C]T,67193693,67193702
64,AT[T/C/G]TTTTTTTT,67193693,67193704
65,ATTTT[T/C]TTTTT,67193693,67193704
66,ATTTTTTT[T/A]TT,67193693,67193704
67,ATTTTTTTT[T/C]T,67193693,67193704
68,AT[T/A]TT,67193693,67193698
69,ATT[T/C]T,67193693,67193698
70,ATTT[T/C/G]TTTTTTTT,67193693,67193706
71,ATTTTTT[T/C]TTTTT,67193693,67193706
72,A[T/A]TTTTTTTTTTT,67193693,67193706
73,AT[T/C]TTTTTTTTTT,67193693,67193706
74,ATTTTTTTTT[T/A]TT,67193693,67193706
75,ATTTTTTTTTT[T/C]T,67193693,67193706
76,[T/C]TTTT,67193694,67193699
77,[A/G/T]TTTT,67193694,67193699
78,TTT[T/A]T,67193694,67193699
79,TT[T/C]TTTT,67193694,67193701
80,[A/G/T]TTTTTT,67193694,67193701
81,TTTTT[T/A]T,67193694,67193701
82,T[T/C/G]TTTTTTT,67193694,67193703
83,TTTT[T/C]TTTT,67193694,67193703
84,[A/G/T]TTTTTTTT,67193694,67193703
85,TTTTTTT[T/A]T,67193694,67193703
86,TTT[T/C/G]TTTTTTT,67193694,67193705
87,TTTTTT[T/C]TTTT,67193694,67193705
88,[A/G/T]TTTTTTTTTT,67193694,67193705
89,[T/A]TTTTTTTTTT,67193694,67193705
90,T[T/C]TTTTTTTTT,67193694,67193705
91,TTTTTTTTT[T/A]T,67193694,67193705
92,[T/A]TTTTTTTTTTTT,67193694,67193707
93,TTTTT[T/C/G]TTTTTTT,67193694,67193707
94,TTTTTTTT[T/C]TTTT,67193694,67193707
95,[A/G/T]TTTTTTTTTTTT,67193694,67193707
96,TT[T/A]TTTTTTTTTT,67193694,67193707
97,TTT[T/C]TTTTTTTTT,67193694,67193707
98,TTTTTTTTTTT[T/A]T,67193694,67193707
99,[TTTTT/-/TTTT/TTTTTT],67193695,67193700
100,T[T/C]TTT,67193695,67193700
101,[T/C]TTTT,67193695,67193700
102,[TTTTT/-/TTTT/TTTTTT],67193695,67193700
103,[TTTTT/-/TTTT/TTTTTT],67193695,67193700
104,[TTTTT/-/TTTT/TTTTTT]TT,67193695,67193702
105,[T/C/G]TTTTTT,67193695,67193702
106,TTT[T/C]TTT,67193695,67193702
107,[T/C]TTTTTT,67193695,67193702
108,[TTTTT/-/TTTT/TTTTTT]TT,67193695,67193702
109,[TTTTT/-/TTTT/TTTTTT]TT,67193695,67193702
110,[TTTTT/-/TTTT/TTTTTT]TTTT,67193695,67193704
111,TT[T/C/G]TTTTTT,67193695,67193704
112,TTTTT[T/C]TTT,67193695,67193704
113,[T/C]TTTTTTTT,67193695,67193704
114,[T/C]TTTTTTTT,67193695,67193704
115,[TTTTT/-/TTTT/TTTTTT]TTTT,67193695,67193704
116,[TTTTT/-/TTTT/TTTTTT]TTTT,67193695,67193704
117,[TTTTT/-/TTTT/TTTTTT]TTTTTT,67193695,67193706
118,TTTT[T/C/G]TTTTTT,67193695,67193706
119,TTTTTTT[T/C]TTT,67193695,67193706
120,T[T/A]TTTTTTTTT,67193695,67193706
121,TT[T/C]TTTTTTTT,67193695,67193706
122,[T/C]TTTTTTTTTT,67193695,67193706
123,[TTTTT/-/TTTT/TTTTTT]TTTTTT,67193695,67193706
124,[TTTTT/-/TTTT/TTTTTT]TTTTTT,67193695,67193706
125,T[T/A]TTTTTTTTTTA,67193695,67193708
126,[TTTTT/-/TTTT/TTTTTT]TTTTTTTA,67193695,67193708
127,TTTTTT[T/C/G]TTTTTA,67193695,67193708
128,TTTTTTTTT[T/C]TTA,67193695,67193708
129,TTT[T/A]TTTTTTTTA,67193695,67193708
130,TTTT[T/C]TTTTTTTA,67193695,67193708
131,[T/C]TTTTTTTTTTTA,67193695,67193708
132,[A/G/T]TTTTTTTTTTTA,67193695,67193708
133,[TTTTT/-/TTTT/TTTTTT]TTTTTTTA,67193695,67193708
134,[TTTTT/-/TTTT/TTTTTT]TTTTTTTA,67193695,67193708
135,TT[T/C]TT,67193696,67193701
136,[T/A]TTTT,67193696,67193701
137,T[T/C/G]TTTTT,67193696,67193703
138,TTTT[T/C]TT,67193696,67193703
139,[T/A]TTTTTT,67193696,67193703
140,TTT[T/C/G]TTTTT,67193696,67193705
141,TTTTTT[T/C]TT,67193696,67193705
142,[T/A]TTTTTTTT,67193696,67193705
143,T[T/C]TTTTTTT,67193696,67193705
144,[T/A]TTTTTTTT,67193696,67193705
145,[T/A]TTTTTTTTTT,67193696,67193707
146,TTTTT[T/C/G]TTTTT,67193696,67193707
147,TTTTTTTT[T/C]TT,67193696,67193707
148,TT[T/A]TTTTTTTT,67193696,67193707
149,TTT[T/C]TTTTTTT,67193696,67193707
150,[T/A]TTTTTTTTTT,67193696,67193707
151,[T/-/TT]TTTTTTTTTTAT,67193696,67193709
152,[T/-/TT]TTTTTTTTTTAT,67193696,67193709
153,TT[T/A]TTTTTTTTAT,67193696,67193709
154,TTTTTTT[T/C/G]TTTAT,67193696,67193709
155,TTTTTTTTTT[T/C]AT,67193696,67193709
156,TTTT[T/A]TTTTTTAT,67193696,67193709
157,TTTTT[T/C]TTTTTAT,67193696,67193709
158,[T/A]TTTTTTTTTTAT,67193696,67193709
159,T[A/G/T]TTTTTTTTTAT,67193696,67193709
160,TT[T/C/G]TTTT,67193697,67193704
161,TTTTT[T/C]T,67193697,67193704
162,[T/C]TTTTTT,67193697,67193704
163,[T/C/G]TTTT,67193697,67193702
164,TTT[T/C]T,67193697,67193702
165,TTTT[T/C/G]TTTT,67193697,67193706
166,TTTTTTT[T/C]T,67193697,67193706
167,T[T/A]TTTTTTT,67193697,67193706
168,TT[T/C]TTTTTT,67193697,67193706
169,T[T/A]TTTTTTTTA,67193697,67193708
170,TTTTTT[T/C/G]TTTA,67193697,67193708
171,TTTTTTTTT[T/C]A,67193697,67193708
172,TTT[T/A]TTTTTTA,67193697,67193708
173,TTTT[T/C]TTTTTA,67193697,67193708
174,[A/G/T]TTTTTTTTTA,67193697,67193708
175,T[T/-/TT]TTTTTTTTATT,67193697,67193710
176,T[T/-/TT]TTTTTTTTATT,67193697,67193710
177,TTT[T/A]TTTTTTATT,67193697,67193710
178,TTTTTTTT[T/C/G]TATT,67193697,67193710
179,TTTTTTTTTTA[T/C]T,67193697,67193710
180,TTTTT[T/A]TTTTATT,67193697,67193710
181,TTTTTT[T/C]TTTATT,67193697,67193710
182,TT[A/G/T]TTTTTTTATT,67193697,67193710
183,T[T/C/G]TTT,67193698,67193703
184,TTT[T/C/G]TTT,67193698,67193705
185,[T/A]TTTTTT,67193698,67193705
186,T[T/C]TTTTT,67193698,67193705
187,[T/A]TTTTTTTT,67193698,67193707
188,TTTTT[T/C/G]TTT,67193698,67193707
189,TT[T/A]TTTTTT,67193698,67193707
190,TTT[T/C]TTTTT,67193698,67193707
191,[T/-/TT]TTTTTTTTAT,67193698,67193709
192,[T/-/TT]TTTTTTTTAT,67193698,67193709
193,TT[T/A]TTTTTTAT,67193698,67193709
194,TTTTTTT[T/C/G]TAT,67193698,67193709
195,TTTT[T/A]TTTTAT,67193698,67193709
196,TTTTT[T/C]TTTAT,67193698,67193709
197,T[A/G/T]TTTTTTTAT,67193698,67193709
198,TT[T/C/G]TT,67193699,67193704
199,[T/C]TTTT,67193699,67193704
200,[T/C]TTTT,67193699,67193704
201,TTTT[T/C/G]TT,67193699,67193706
202,[T/C]TTTTTT,67193699,67193706
203,T[T/A]TTTTT,67193699,67193706
204,TT[T/C]TTTT,67193699,67193706
205,T[T/A]TTTTTTA,67193699,67193708
206,TTTTTT[T/C/G]TA,67193699,67193708
207,[T/C]TTTTTTTA,67193699,67193708
208,TTT[T/A]TTTTA,67193699,67193708
209,TTTT[T/C]TTTA,67193699,67193708
210,[A/G/T]TTTTTTTA,67193699,67193708
211,T[T/-/TT]TTTTTTATT,67193699,67193710
212,T[T/-/TT]TTTTTTATT,67193699,67193710
213,TTT[T/A]TTTTATT,67193699,67193710
214,[T/C]TTTTTTTATT,67193699,67193710
215,TTTTT[T/A]TTATT,67193699,67193710
216,TTTTTT[T/C]TATT,67193699,67193710
217,TT[A/G/T]TTTTTATT,67193699,67193710
218,TTT[T/C/G]T,67193700,67193705
219,[T/A]TTTT,67193700,67193705
220,T[T/C]TTT,67193700,67193705
221,[T/A]TTTTTT,67193700,67193707
222,TTTTT[T/C/G]T,67193700,67193707
223,TT[T/A]TTTT,67193700,67193707
224,TTT[T/C]TTT,67193700,67193707
225,[T/-/TT]TTTTTTAT,67193700,67193709
226,[T/-/TT]TTTTTTAT,67193700,67193709
227,TT[T/A]TTTTAT,67193700,67193709
228,TTTT[T/A]TTAT,67193700,67193709
229,TTTTT[T/C]TAT,67193700,67193709
230,T[A/G/T]TTTTTAT,67193700,67193709
231,T[T/A]TTT,67193701,67193706
232,TT[T/C]TT,67193701,67193706
233,T[T/A]TTTTA,67193701,67193708
234,TTT[T/A]TTA,67193701,67193708
235,TTTT[T/C]TA,67193701,67193708
236,[A/G/T]TTTTTA,67193701,67193708
237,T[T/-/TT]TTTTATT,67193701,67193710
238,T[T/-/TT]TTTTATT,67193701,67193710
239,TTT[T/A]TTATT,67193701,67193710
240,TTTTT[T/A]ATT,67193701,67193710
241,TT[A/G/T]TTTATT,67193701,67193710
242,[T/A]TTTT,67193702,67193707
243,[T/C/G]TTTT,67193702,67193707
244,TT[T/A]TT,67193702,67193707
245,TTT[T/C]T,67193702,67193707
246,[T/-/TT]TTTTAT,67193702,67193709
247,[T/-/TT]TTTTAT,67193702,67193709
248,TT[T/A]TTAT,67193702,67193709
249,[T/C/G]TTTTAT,67193702,67193709
250,TTTT[T/A]AT,67193702,67193709
251,T[A/G/T]TTTAT,67193702,67193709
252,T[T/A]TTA,67193703,67193708
253,TTT[T/A]A,67193703,67193708
254,[A/G/T]TTTA,67193703,67193708
255,ATTATTT[T/G]TTTAA,67193720,67193733
256,ATTATTTTT[-/T]TAA,67193720,67193733
257,AT[-/A]ATTTTTTTAA,67193720,67193733
258,ATTAT[T/G]TTTTT,67193720,67193731
259,ATTATTT[-/T]TTT,67193720,67193731
260,[-/A]TTATTTTTTT,67193720,67193731
261,TTATTT[T/G]TTTA,67193721,67193732
262,TTATTTTT[-/T]TA,67193721,67193732
263,T[-/A]ATTTTTTTA,67193721,67193732
264,TTAT[T/G]TTTT,67193721,67193730
265,TTATTT[-/T]TT,67193721,67193730
266,TTATTTTT[T/G]TAAA,67193721,67193734
267,TTATTTTTTT[-/T]AA,67193721,67193734
268,TTA[-/A]TTTTTTAAA,67193721,67193734
269,TAT[T/G]TTT,67193722,67193729
270,TATTT[-/T]T,67193722,67193729
271,TATTTTT[T/G]TAA,67193722,67193733
272,TATTTTTTT[-/T]A,67193722,67193733
273,TA[-/A]TTTTTTAA,67193722,67193733
274,TATTT[T/G]TTT,67193722,67193731
275,TATTTTT[-/T]T,67193722,67193731
276,[-/A]ATTTTTTT,67193722,67193731
277,AT[T/G]TT,67193723,67193728
278,ATTT[-/T]ATTTT,67193723,67193728
279,ATTTTT[T/G]TA,67193723,67193732
280,ATTTTTTT[-/T]ATTTTTTTA,67193723,67193732
281,A[-/A]TTTTTTA,67193723,67193732
282,ATTT[T/G]TT,67193723,67193730
283,ATTTTT[-/T]ATTTTTT,67193723,67193730
284,ATTTTTTTAA[-/T]ATTTTTTTAAA,67193723,67193734
285,ATT[-/A]TTTTAAA,67193723,67193734
286,TTT[T/G]T,67193724,67193729
287,[-/T]TTTT,67193724,67193729
288,[-/T]TTTTTTAA,67193724,67193733
289,TT[-/A]TTTTAA,67193724,67193733
290,TTTTT[T/G]T,67193724,67193731
291,[-/T]TTTTTT,67193724,67193731
292,[-/A]TTTTTT,67193724,67193731
293,T[-/A]TTTTA,67193725,67193732
294,TTT[-/A]TTAAA,67193725,67193734
295,[T/G]TTTTAA,67193726,67193733
296,TT[-/A]TTAA,67193726,67193733
297,[T/G]TTTT,67193726,67193731
298,[-/A]TTTT,67193726,67193731
299,T[-/A]TTA,67193727,67193732
300,GT[T/G]TG,67193781,67193786
301,TTTGT[T/G]T,67193782,67193789
302,TT[T/C]GTTT,67193782,67193789
303,G[T/C]TTG,67193820,67193825
304,TTT[T/C]A,67193846,67193851
305,[C/T]TTTA,67193846,67193851
306,ATT[T/-]T,67194164,67194169
307,A[T/A]TTT,67194496,67194501
308,[T/A/C]TTTTTTTTTAAT,67194496,67194509
309,ATTTTTTTT[T/A]AAT,67194496,67194509
310,[T/A/C]TTTTTTTTTAAT,67194496,67194509
311,ATT[T/A]TTT,67194496,67194503
312,ATTTT[T/A]TTT,67194496,67194505
313,ATTTTTT[T/A]TTA,67194496,67194507
314,TT[T/A]TT,67194497,67194502
315,[A/T]TTTT,67194497,67194502
316,TTTTTT[T/A]TT,67194497,67194506
317,[A/T]TTTTTTTT,67194497,67194506
318,TTTTTTTT[T/A]AA,67194497,67194508
319,[A/T]TTTTTTTTAA,67194497,67194508
320,TTTT[T/A]TT,67194497,67194504
321,[A/T]TTTTTT,67194497,67194504
322,[T/A/C]TTTTTTTAAT,67194498,67194509
323,TTTTTTTTA[T/A]T,67194498,67194509
324,[TTTTT/-/TTTTTT]TTTAAT,67194498,67194509
325,[T/A/C]TTTTTTTAAT,67194498,67194509
326,TTT[T/A]T,67194498,67194503
327,[TTTTT/-/TTTTTT],67194498,67194503
328,TTTTT[T/A]T,67194498,67194505
329,[TTTTT/-/TTTTTT]TT,67194498,67194505
330,TTTTTTT[T/A]A,67194498,67194507
331,[TTTTT/-/TTTTTT]TTTA,67194498,67194507
332,[T/A/C]TTTTTAAT,67194500,67194509
333,[T/A]TTTTTAAT,67194500,67194509
334,[T/A/C]TTTTTAAT,67194500,67194509
335,[T/A]TTTT,67194500,67194505
336,[T/A]TTTTTA,67194500,67194507
337,[T/C]ATTTAT,67194547,67194554
338,[-/ATT]ATTTAA,67194588,67194595
339,[T/A]TTAATTTTTTTT,67194590,67194603
340,TTTAATT[T/-/TT]TTTTT,67194590,67194603
341,TTTAATT[T/-/TT]TTTTT,67194590,67194603
342,TTAATT[T/-/TT]TTTT,67194591,67194602
343,TTAATT[T/-/TT]TTTT,67194591,67194602
344,T[T/A]AATTTTTTTTA,67194591,67194604
345,TTAATTTT[T/-/TT]TTTA,67194591,67194604
346,TTAATTTT[T/-/TT]TTTA,67194591,67194604
347,TA[T/A]TTTTTTTTAA,67194592,67194605
348,T[A/G]ATTTTTTTTAA,67194592,67194605
349,TAATTTTTT[T/-/TT]TAA,67194592,67194605
350,TAATTTTTT[T/-/TT]TAA,67194592,67194605
351,TAATT[T/-/TT]TTT,67194592,67194601
352,TAATT[T/-/TT]TTT,67194592,67194601
353,[T/A]AATTTTTTTT,67194592,67194603
354,TAATTTT[T/-/TT]TTT,67194592,67194603
355,TAATTTT[T/-/TT]TTT,67194592,67194603
356,AATTTT[T/-/TT]TT,67194593,67194602
357,AATTTT[T/-/TT]TT,67194593,67194602
358,AATT[T/-/TT]TT,67194593,67194600
359,AATT[T/-/TT]TT,67194593,67194600
360,A[T/A]TTTTTTTTA,67194593,67194604
361,[A/G]ATTTTTTTTA,67194593,67194604
362,AATTTTTT[T/-/TT]TA,67194593,67194604
363,AATTTTTT[T/-/TT]TA,67194593,67194604
364,ATTTT[T/-/TT]T,67194594,67194601
365,ATTTT[T/-/TT]T,67194594,67194601
366,AT[T/A]TTTTTTAA,67194594,67194605
367,ATT[T/-/TT]T,67194594,67194599
368,ATT[T/-/TT]T,67194594,67194599
369,[T/A]TTTTTTTT,67194594,67194603
370,ATTTTTT[T/-/TT]T,67194594,67194603
371,ATTTTTT[T/-/TT]T,67194594,67194603
372,T[T/A]TTTTTTA,67194595,67194604
373,[T/-/TT]TTTT,67194596,67194601
374,[T/-/TT]TTTT,67194596,67194601
375,TT[T/A]TTTTAA,67194596,67194605
376,[T/-/TT]TTTTTTAA,67194596,67194605
377,[T/-/TT]TTTTTTAA,67194596,67194605
378,[T/A]TTTTTT,67194596,67194603
379,[T/-/TT]TTTTTT,67194596,67194603
380,[T/-/TT]TTTTTT,67194596,67194603
381,T[T/A]TTTTA,67194597,67194604
382,TT[T/A]TTAA,67194598,67194605
383,[T/A]TTTT,67194598,67194603
384,T[T/A]TTA,67194599,67194604
385,T[T/G]TTT,67194694,67194699
386,TT[T/C]TA,67194991,67194996
387,TATTT[A/T]T,67195020,67195027
388,T[A/G]TTTAT,67195020,67195027
389,[A/G]TTTA,67195021,67195026
390,T[T/G]TTA,67195031,67195036
391,AT[T/A]TT,67195037,67195042
392,[T/C]TTTT,67195038,67195043
393,[-/AACT]TTTT,67195038,67195043
394,TTT[T/A]T,67195038,67195043
