,Sequence with SNPs,Mouse ARE,S w\ SNPs start,S w\ SNPs end,Mouse ARE start,Mouse ARE end
0,TT[T/C]TT,TTTTT,67190846,67190851,63646885,63646890
1,TT[T/C]TT,TTTTT,67190846,67190851,63647198,63647203
2,TT[T/C]TT,TTTTT,67190846,67190851,63647199,63647204
3,TT[T/C]TT,TTTTT,67190846,67190851,63647200,63647205
4,TT[T/C]TT,TTTTT,67190846,67190851,63647796,63647801
5,TT[T/C]TT,TTTTT,67190846,67190851,63647903,63647908
6,TT[T/C]TT,TTTTT,67190846,67190851,63647904,63647909
7,TT[T/C]TT,TTTTT,67190846,67190851,63647905,63647910
8,TT[T/C]TT,TTTTT,67190846,67190851,63647906,63647911
9,TT[T/C]TT,TTTTT,67190846,67190851,63647907,63647912
10,TT[T/C]TT,TTTTT,67190846,67190851,63649336,63649341
11,TT[T/C]TT,TTTTT,67190846,67190851,63649337,63649342
12,TT[T/C]TT,TTTTT,67190846,67190851,63649338,63649343
13,TTT[T/C]T,TTTTT,67190846,67190851,63646885,63646890
14,TTT[T/C]T,TTTTT,67190846,67190851,63647198,63647203
15,TTT[T/C]T,TTTTT,67190846,67190851,63647199,63647204
16,TTT[T/C]T,TTTTT,67190846,67190851,63647200,63647205
17,TTT[T/C]T,TTTTT,67190846,67190851,63647796,63647801
18,TTT[T/C]T,TTTTT,67190846,67190851,63647903,63647908
19,TTT[T/C]T,TTTTT,67190846,67190851,63647904,63647909
20,TTT[T/C]T,TTTTT,67190846,67190851,63647905,63647910
21,TTT[T/C]T,TTTTT,67190846,67190851,63647906,63647911
22,TTT[T/C]T,TTTTT,67190846,67190851,63647907,63647912
23,TTT[T/C]T,TTTTT,67190846,67190851,63649336,63649341
24,TTT[T/C]T,TTTTT,67190846,67190851,63649337,63649342
25,TTT[T/C]T,TTTTT,67190846,67190851,63649338,63649343
26,[C/T]TTTT,TTTTT,67190846,67190851,63646885,63646890
27,[C/T]TTTT,TTTTT,67190846,67190851,63647198,63647203
28,[C/T]TTTT,TTTTT,67190846,67190851,63647199,63647204
29,[C/T]TTTT,TTTTT,67190846,67190851,63647200,63647205
30,[C/T]TTTT,TTTTT,67190846,67190851,63647796,63647801
31,[C/T]TTTT,TTTTT,67190846,67190851,63647903,63647908
32,[C/T]TTTT,TTTTT,67190846,67190851,63647904,63647909
33,[C/T]TTTT,TTTTT,67190846,67190851,63647905,63647910
34,[C/T]TTTT,TTTTT,67190846,67190851,63647906,63647911
35,[C/T]TTTT,TTTTT,67190846,67190851,63647907,63647912
36,[C/T]TTTT,TTTTT,67190846,67190851,63649336,63649341
37,[C/T]TTTT,TTTTT,67190846,67190851,63649337,63649342
38,[C/T]TTTT,TTTTT,67190846,67190851,63649338,63649343
39,TTTT[T/C]TT,TTTTTTT,67190846,67190853,63647198,63647205
40,TTTT[T/C]TT,TTTTTTT,67190846,67190853,63647903,63647910
41,TTTT[T/C]TT,TTTTTTT,67190846,67190853,63647904,63647911
42,TTTT[T/C]TT,TTTTTTT,67190846,67190853,63647905,63647912
43,TTTT[T/C]TT,TTTTTTT,67190846,67190853,63649336,63649343
44,TTTTT[T/C]T,TTTTTTT,67190846,67190853,63647198,63647205
45,TTTTT[T/C]T,TTTTTTT,67190846,67190853,63647903,63647910
46,TTTTT[T/C]T,TTTTTTT,67190846,67190853,63647904,63647911
47,TTTTT[T/C]T,TTTTTTT,67190846,67190853,63647905,63647912
48,TTTTT[T/C]T,TTTTTTT,67190846,67190853,63649336,63649343
49,[C/T]TTTTTT,TTTTTTT,67190846,67190853,63647198,63647205
50,[C/T]TTTTTT,TTTTTTT,67190846,67190853,63647903,63647910
51,[C/T]TTTTTT,TTTTTTT,67190846,67190853,63647904,63647911
52,[C/T]TTTTTT,TTTTTTT,67190846,67190853,63647905,63647912
53,[C/T]TTTTTT,TTTTTTT,67190846,67190853,63649336,63649343
54,TTT[T/C]T,TTTTT,67190847,67190852,63646885,63646890
55,TTT[T/C]T,TTTTT,67190847,67190852,63647198,63647203
56,TTT[T/C]T,TTTTT,67190847,67190852,63647199,63647204
57,TTT[T/C]T,TTTTT,67190847,67190852,63647200,63647205
58,TTT[T/C]T,TTTTT,67190847,67190852,63647796,63647801
59,TTT[T/C]T,TTTTT,67190847,67190852,63647903,63647908
60,TTT[T/C]T,TTTTT,67190847,67190852,63647904,63647909
61,TTT[T/C]T,TTTTT,67190847,67190852,63647905,63647910
62,TTT[T/C]T,TTTTT,67190847,67190852,63647906,63647911
63,TTT[T/C]T,TTTTT,67190847,67190852,63647907,63647912
64,TTT[T/C]T,TTTTT,67190847,67190852,63649336,63649341
65,TTT[T/C]T,TTTTT,67190847,67190852,63649337,63649342
66,TTT[T/C]T,TTTTT,67190847,67190852,63649338,63649343
67,[T/C]TTTT,TTTTT,67190848,67190853,63646885,63646890
68,[T/C]TTTT,TTTTT,67190848,67190853,63647198,63647203
69,[T/C]TTTT,TTTTT,67190848,67190853,63647199,63647204
70,[T/C]TTTT,TTTTT,67190848,67190853,63647200,63647205
71,[T/C]TTTT,TTTTT,67190848,67190853,63647796,63647801
72,[T/C]TTTT,TTTTT,67190848,67190853,63647903,63647908
73,[T/C]TTTT,TTTTT,67190848,67190853,63647904,63647909
74,[T/C]TTTT,TTTTT,67190848,67190853,63647905,63647910
75,[T/C]TTTT,TTTTT,67190848,67190853,63647906,63647911
76,[T/C]TTTT,TTTTT,67190848,67190853,63647907,63647912
77,[T/C]TTTT,TTTTT,67190848,67190853,63649336,63649341
78,[T/C]TTTT,TTTTT,67190848,67190853,63649337,63649342
79,[T/C]TTTT,TTTTT,67190848,67190853,63649338,63649343
80,TTT[T/C]T,TTTTT,67191242,67191247,63646885,63646890
81,TTT[T/C]T,TTTTT,67191242,67191247,63647198,63647203
82,TTT[T/C]T,TTTTT,67191242,67191247,63647199,63647204
83,TTT[T/C]T,TTTTT,67191242,67191247,63647200,63647205
84,TTT[T/C]T,TTTTT,67191242,67191247,63647796,63647801
85,TTT[T/C]T,TTTTT,67191242,67191247,63647903,63647908
86,TTT[T/C]T,TTTTT,67191242,67191247,63647904,63647909
87,TTT[T/C]T,TTTTT,67191242,67191247,63647905,63647910
88,TTT[T/C]T,TTTTT,67191242,67191247,63647906,63647911
89,TTT[T/C]T,TTTTT,67191242,67191247,63647907,63647912
90,TTT[T/C]T,TTTTT,67191242,67191247,63649336,63649341
91,TTT[T/C]T,TTTTT,67191242,67191247,63649337,63649342
92,TTT[T/C]T,TTTTT,67191242,67191247,63649338,63649343
93,TT[T/C]TT,TTTTT,67191242,67191247,63646885,63646890
94,TT[T/C]TT,TTTTT,67191242,67191247,63647198,63647203
95,TT[T/C]TT,TTTTT,67191242,67191247,63647199,63647204
96,TT[T/C]TT,TTTTT,67191242,67191247,63647200,63647205
97,TT[T/C]TT,TTTTT,67191242,67191247,63647796,63647801
98,TT[T/C]TT,TTTTT,67191242,67191247,63647903,63647908
99,TT[T/C]TT,TTTTT,67191242,67191247,63647904,63647909
100,TT[T/C]TT,TTTTT,67191242,67191247,63647905,63647910
101,TT[T/C]TT,TTTTT,67191242,67191247,63647906,63647911
102,TT[T/C]TT,TTTTT,67191242,67191247,63647907,63647912
103,TT[T/C]TT,TTTTT,67191242,67191247,63649336,63649341
104,TT[T/C]TT,TTTTT,67191242,67191247,63649337,63649342
105,TT[T/C]TT,TTTTT,67191242,67191247,63649338,63649343
106,[G/A]TTTG,GTTTG,67191525,67191530,63649425,63649430
107,[G/A]TTTG,GTTTG,67191525,67191530,63649503,63649508
108,AT[T/G]TA,ATTTA,67191682,67191687,63646902,63646907
109,AT[T/G]TA,ATTTA,67191682,67191687,63647304,63647309
110,AT[T/G]TA,ATTTA,67191682,67191687,63647345,63647350
111,AT[T/G]TA,ATTTA,67191682,67191687,63650096,63650101
112,[A/G]TTAAA,ATTAAA,67191747,67191753,63649344,63649350
113,[T/C]TTTT,TTTTT,67191756,67191761,63646885,63646890
114,[T/C]TTTT,TTTTT,67191756,67191761,63647198,63647203
115,[T/C]TTTT,TTTTT,67191756,67191761,63647199,63647204
116,[T/C]TTTT,TTTTT,67191756,67191761,63647200,63647205
117,[T/C]TTTT,TTTTT,67191756,67191761,63647796,63647801
118,[T/C]TTTT,TTTTT,67191756,67191761,63647903,63647908
119,[T/C]TTTT,TTTTT,67191756,67191761,63647904,63647909
120,[T/C]TTTT,TTTTT,67191756,67191761,63647905,63647910
121,[T/C]TTTT,TTTTT,67191756,67191761,63647906,63647911
122,[T/C]TTTT,TTTTT,67191756,67191761,63647907,63647912
123,[T/C]TTTT,TTTTT,67191756,67191761,63649336,63649341
124,[T/C]TTTT,TTTTT,67191756,67191761,63649337,63649342
125,[T/C]TTTT,TTTTT,67191756,67191761,63649338,63649343
126,T[T/C]TTA,TTTTA,67191757,67191762,63646892,63646897
127,T[T/C]TTA,TTTTA,67191757,67191762,63647026,63647031
128,T[T/C]TTA,TTTTA,67191757,67191762,63647795,63647800
129,T[T/C]TTA,TTTTA,67191757,67191762,63648279,63648284
130,T[T/C]TTA,TTTTA,67191757,67191762,63649139,63649144
131,T[T/C]TTA,TTTTA,67191757,67191762,63649335,63649340
132,ATT[T/-]T,ATTTT,67192552,67192557,63646886,63646891
133,ATT[T/-]T,ATTTT,67192552,67192557,63648005,63648010
134,ATT[T/-]T,ATTTT,67192552,67192557,63649339,63649344
135,GT[T/C]TG,GTTTG,67192892,67192897,63649425,63649430
136,GT[T/C]TG,GTTTG,67192892,67192897,63649503,63649508
137,A[A/C]TAAA,AATAAA,67193007,67193013,63646805,63646811
138,[A/C]ATAAA,AATAAA,67193007,67193013,63646805,63646811
139,[G/T]TTTA,TTTTA,67193132,67193137,63646892,63646897
140,[G/T]TTTA,TTTTA,67193132,67193137,63647026,63647031
141,[G/T]TTTA,TTTTA,67193132,67193137,63647795,63647800
142,[G/T]TTTA,TTTTA,67193132,67193137,63648279,63648284
143,[G/T]TTTA,TTTTA,67193132,67193137,63649139,63649144
144,[G/T]TTTA,TTTTA,67193132,67193137,63649335,63649340
145,T[T/G]TTT,TTTTT,67193176,67193181,63646885,63646890
146,T[T/G]TTT,TTTTT,67193176,67193181,63647198,63647203
147,T[T/G]TTT,TTTTT,67193176,67193181,63647199,63647204
148,T[T/G]TTT,TTTTT,67193176,67193181,63647200,63647205
149,T[T/G]TTT,TTTTT,67193176,67193181,63647796,63647801
150,T[T/G]TTT,TTTTT,67193176,67193181,63647903,63647908
151,T[T/G]TTT,TTTTT,67193176,67193181,63647904,63647909
152,T[T/G]TTT,TTTTT,67193176,67193181,63647905,63647910
153,T[T/G]TTT,TTTTT,67193176,67193181,63647906,63647911
154,T[T/G]TTT,TTTTT,67193176,67193181,63647907,63647912
155,T[T/G]TTT,TTTTT,67193176,67193181,63649336,63649341
156,T[T/G]TTT,TTTTT,67193176,67193181,63649337,63649342
157,T[T/G]TTT,TTTTT,67193176,67193181,63649338,63649343
158,[-/T]TTTT,TTTTT,67193176,67193181,63646885,63646890
159,[-/T]TTTT,TTTTT,67193176,67193181,63647198,63647203
160,[-/T]TTTT,TTTTT,67193176,67193181,63647199,63647204
161,[-/T]TTTT,TTTTT,67193176,67193181,63647200,63647205
162,[-/T]TTTT,TTTTT,67193176,67193181,63647796,63647801
163,[-/T]TTTT,TTTTT,67193176,67193181,63647903,63647908
164,[-/T]TTTT,TTTTT,67193176,67193181,63647904,63647909
165,[-/T]TTTT,TTTTT,67193176,67193181,63647905,63647910
166,[-/T]TTTT,TTTTT,67193176,67193181,63647906,63647911
167,[-/T]TTTT,TTTTT,67193176,67193181,63647907,63647912
168,[-/T]TTTT,TTTTT,67193176,67193181,63649336,63649341
169,[-/T]TTTT,TTTTT,67193176,67193181,63649337,63649342
170,[-/T]TTTT,TTTTT,67193176,67193181,63649338,63649343
171,TTT[T/G]TTA,TTTTTTA,67193176,67193183,63649335,63649342
172,[-/T]TTTTTA,TTTTTTA,67193176,67193183,63649335,63649342
173,TT[T/G]TT,TTTTT,67193177,67193182,63646885,63646890
174,TT[T/G]TT,TTTTT,67193177,67193182,63647198,63647203
175,TT[T/G]TT,TTTTT,67193177,67193182,63647199,63647204
176,TT[T/G]TT,TTTTT,67193177,67193182,63647200,63647205
177,TT[T/G]TT,TTTTT,67193177,67193182,63647796,63647801
178,TT[T/G]TT,TTTTT,67193177,67193182,63647903,63647908
179,TT[T/G]TT,TTTTT,67193177,67193182,63647904,63647909
180,TT[T/G]TT,TTTTT,67193177,67193182,63647905,63647910
181,TT[T/G]TT,TTTTT,67193177,67193182,63647906,63647911
182,TT[T/G]TT,TTTTT,67193177,67193182,63647907,63647912
183,TT[T/G]TT,TTTTT,67193177,67193182,63649336,63649341
184,TT[T/G]TT,TTTTT,67193177,67193182,63649337,63649342
185,TT[T/G]TT,TTTTT,67193177,67193182,63649338,63649343
186,TTT[T/G]A,TTTTA,67193178,67193183,63646892,63646897
187,TTT[T/G]A,TTTTA,67193178,67193183,63647026,63647031
188,TTT[T/G]A,TTTTA,67193178,67193183,63647795,63647800
189,TTT[T/G]A,TTTTA,67193178,67193183,63648279,63648284
190,TTT[T/G]A,TTTTA,67193178,67193183,63649139,63649144
191,TTT[T/G]A,TTTTA,67193178,67193183,63649335,63649340
192,TT[T/C]TA,TTTTA,67193412,67193417,63646892,63646897
193,TT[T/C]TA,TTTTA,67193412,67193417,63647026,63647031
194,TT[T/C]TA,TTTTA,67193412,67193417,63647795,63647800
195,TT[T/C]TA,TTTTA,67193412,67193417,63648279,63648284
196,TT[T/C]TA,TTTTA,67193412,67193417,63649139,63649144
197,TT[T/C]TA,TTTTA,67193412,67193417,63649335,63649340
198,AT[T/G]TA,ATTTA,67193457,67193462,63646902,63646907
199,AT[T/G]TA,ATTTA,67193457,67193462,63647304,63647309
200,AT[T/G]TA,ATTTA,67193457,67193462,63647345,63647350
201,AT[T/G]TA,ATTTA,67193457,67193462,63650096,63650101
202,[G/A/C]TTTG,GTTTG,67193508,67193513,63649425,63649430
203,[G/A/C]TTTG,GTTTG,67193508,67193513,63649503,63649508
204,A[T/C]TTT,ATTTT,67193578,67193583,63646886,63646891
205,A[T/C]TTT,ATTTT,67193578,67193583,63648005,63648010
206,A[T/C]TTT,ATTTT,67193578,67193583,63649339,63649344
207,TATTT[A/G/T]T,TATTTAT,67193692,67193699,63646901,63646908
208,TATTT[A/G/T]T,TATTTAT,67193692,67193699,63647344,63647351
209,A[T/C]TTTTT,ATTTTTT,67193693,67193700,63649337,63649344
210,ATTT[T/A]TT,ATTTTTT,67193693,67193700,63649337,63649344
211,ATTTT[T/C]T,ATTTTTT,67193693,67193700,63649337,63649344
212,AT[T/A]TT,ATTTT,67193693,67193698,63646886,63646891
213,AT[T/A]TT,ATTTT,67193693,67193698,63648005,63648010
214,AT[T/A]TT,ATTTT,67193693,67193698,63649339,63649344
215,ATT[T/C]T,ATTTT,67193693,67193698,63646886,63646891
216,ATT[T/C]T,ATTTT,67193693,67193698,63648005,63648010
217,ATT[T/C]T,ATTTT,67193693,67193698,63649339,63649344
218,[T/C]TTTT,TTTTT,67193694,67193699,63646885,63646890
219,[T/C]TTTT,TTTTT,67193694,67193699,63647198,63647203
220,[T/C]TTTT,TTTTT,67193694,67193699,63647199,63647204
221,[T/C]TTTT,TTTTT,67193694,67193699,63647200,63647205
222,[T/C]TTTT,TTTTT,67193694,67193699,63647796,63647801
223,[T/C]TTTT,TTTTT,67193694,67193699,63647903,63647908
224,[T/C]TTTT,TTTTT,67193694,67193699,63647904,63647909
225,[T/C]TTTT,TTTTT,67193694,67193699,63647905,63647910
226,[T/C]TTTT,TTTTT,67193694,67193699,63647906,63647911
227,[T/C]TTTT,TTTTT,67193694,67193699,63647907,63647912
228,[T/C]TTTT,TTTTT,67193694,67193699,63649336,63649341
229,[T/C]TTTT,TTTTT,67193694,67193699,63649337,63649342
230,[T/C]TTTT,TTTTT,67193694,67193699,63649338,63649343
231,[A/G/T]TTTT,TTTTT,67193694,67193699,63646885,63646890
232,[A/G/T]TTTT,ATTTT,67193694,67193699,63646886,63646891
233,[A/G/T]TTTT,TTTTT,67193694,67193699,63647198,63647203
234,[A/G/T]TTTT,TTTTT,67193694,67193699,63647199,63647204
235,[A/G/T]TTTT,TTTTT,67193694,67193699,63647200,63647205
236,[A/G/T]TTTT,TTTTT,67193694,67193699,63647796,63647801
237,[A/G/T]TTTT,TTTTT,67193694,67193699,63647903,63647908
238,[A/G/T]TTTT,TTTTT,67193694,67193699,63647904,63647909
239,[A/G/T]TTTT,TTTTT,67193694,67193699,63647905,63647910
240,[A/G/T]TTTT,TTTTT,67193694,67193699,63647906,63647911
241,[A/G/T]TTTT,TTTTT,67193694,67193699,63647907,63647912
242,[A/G/T]TTTT,ATTTT,67193694,67193699,63648005,63648010
243,[A/G/T]TTTT,TTTTT,67193694,67193699,63649336,63649341
244,[A/G/T]TTTT,TTTTT,67193694,67193699,63649337,63649342
245,[A/G/T]TTTT,TTTTT,67193694,67193699,63649338,63649343
246,[A/G/T]TTTT,ATTTT,67193694,67193699,63649339,63649344
247,TTT[T/A]T,TTTTT,67193694,67193699,63646885,63646890
248,TTT[T/A]T,TTTTT,67193694,67193699,63647198,63647203
249,TTT[T/A]T,TTTTT,67193694,67193699,63647199,63647204
250,TTT[T/A]T,TTTTT,67193694,67193699,63647200,63647205
251,TTT[T/A]T,TTTTT,67193694,67193699,63647796,63647801
252,TTT[T/A]T,TTTTT,67193694,67193699,63647903,63647908
253,TTT[T/A]T,TTTTT,67193694,67193699,63647904,63647909
254,TTT[T/A]T,TTTTT,67193694,67193699,63647905,63647910
255,TTT[T/A]T,TTTTT,67193694,67193699,63647906,63647911
256,TTT[T/A]T,TTTTT,67193694,67193699,63647907,63647912
257,TTT[T/A]T,TTTTT,67193694,67193699,63649336,63649341
258,TTT[T/A]T,TTTTT,67193694,67193699,63649337,63649342
259,TTT[T/A]T,TTTTT,67193694,67193699,63649338,63649343
260,TT[T/C]TTTT,TTTTTTT,67193694,67193701,63647198,63647205
261,TT[T/C]TTTT,TTTTTTT,67193694,67193701,63647903,63647910
262,TT[T/C]TTTT,TTTTTTT,67193694,67193701,63647904,63647911
263,TT[T/C]TTTT,TTTTTTT,67193694,67193701,63647905,63647912
264,TT[T/C]TTTT,TTTTTTT,67193694,67193701,63649336,63649343
265,[A/G/T]TTTTTT,TTTTTTT,67193694,67193701,63647198,63647205
266,[A/G/T]TTTTTT,TTTTTTT,67193694,67193701,63647903,63647910
267,[A/G/T]TTTTTT,TTTTTTT,67193694,67193701,63647904,63647911
268,[A/G/T]TTTTTT,TTTTTTT,67193694,67193701,63647905,63647912
269,[A/G/T]TTTTTT,TTTTTTT,67193694,67193701,63649336,63649343
270,[A/G/T]TTTTTT,ATTTTTT,67193694,67193701,63649337,63649344
271,TTTTT[T/A]T,TTTTTTT,67193694,67193701,63647198,63647205
272,TTTTT[T/A]T,TTTTTAT,67193694,67193701,63647794,63647801
273,TTTTT[T/A]T,TTTTTTT,67193694,67193701,63647903,63647910
274,TTTTT[T/A]T,TTTTTTT,67193694,67193701,63647904,63647911
275,TTTTT[T/A]T,TTTTTTT,67193694,67193701,63647905,63647912
276,TTTTT[T/A]T,TTTTTTT,67193694,67193701,63649336,63649343
277,T[T/C/G]TTTTTTT,TTTTTTTTT,67193694,67193703,63647903,63647912
278,TTTT[T/C]TTTT,TTTTTTTTT,67193694,67193703,63647903,63647912
279,[A/G/T]TTTTTTTT,TTTTTTTTT,67193694,67193703,63647903,63647912
280,TTTTTTT[T/A]T,TTTTTTTTT,67193694,67193703,63647903,63647912
281,[TTTTT/-/TTTT/TTTTTT],TTTTT,67193695,67193700,63646885,63646890
282,[TTTTT/-/TTTT/TTTTTT],TTTTT,67193695,67193700,63647198,63647203
283,[TTTTT/-/TTTT/TTTTTT],TTTTT,67193695,67193700,63647199,63647204
284,[TTTTT/-/TTTT/TTTTTT],TTTTT,67193695,67193700,63647200,63647205
285,[TTTTT/-/TTTT/TTTTTT],TTTTT,67193695,67193700,63647796,63647801
286,[TTTTT/-/TTTT/TTTTTT],TTTTT,67193695,67193700,63647903,63647908
287,[TTTTT/-/TTTT/TTTTTT],TTTTT,67193695,67193700,63647904,63647909
288,[TTTTT/-/TTTT/TTTTTT],TTTTT,67193695,67193700,63647905,63647910
289,[TTTTT/-/TTTT/TTTTTT],TTTTT,67193695,67193700,63647906,63647911
290,[TTTTT/-/TTTT/TTTTTT],TTTTT,67193695,67193700,63647907,63647912
291,[TTTTT/-/TTTT/TTTTTT],TTTTT,67193695,67193700,63649336,63649341
292,[TTTTT/-/TTTT/TTTTTT],TTTTT,67193695,67193700,63649337,63649342
293,[TTTTT/-/TTTT/TTTTTT],TTTTT,67193695,67193700,63649338,63649343
294,T[T/C]TTT,TTTTT,67193695,67193700,63646885,63646890
295,T[T/C]TTT,TTTTT,67193695,67193700,63647198,63647203
296,T[T/C]TTT,TTTTT,67193695,67193700,63647199,63647204
297,T[T/C]TTT,TTTTT,67193695,67193700,63647200,63647205
298,T[T/C]TTT,TTTTT,67193695,67193700,63647796,63647801
299,T[T/C]TTT,TTTTT,67193695,67193700,63647903,63647908
300,T[T/C]TTT,TTTTT,67193695,67193700,63647904,63647909
301,T[T/C]TTT,TTTTT,67193695,67193700,63647905,63647910
302,T[T/C]TTT,TTTTT,67193695,67193700,63647906,63647911
303,T[T/C]TTT,TTTTT,67193695,67193700,63647907,63647912
304,T[T/C]TTT,TTTTT,67193695,67193700,63649336,63649341
305,T[T/C]TTT,TTTTT,67193695,67193700,63649337,63649342
306,T[T/C]TTT,TTTTT,67193695,67193700,63649338,63649343
307,[T/C]TTTT,TTTTT,67193695,67193700,63646885,63646890
308,[T/C]TTTT,TTTTT,67193695,67193700,63647198,63647203
309,[T/C]TTTT,TTTTT,67193695,67193700,63647199,63647204
310,[T/C]TTTT,TTTTT,67193695,67193700,63647200,63647205
311,[T/C]TTTT,TTTTT,67193695,67193700,63647796,63647801
312,[T/C]TTTT,TTTTT,67193695,67193700,63647903,63647908
313,[T/C]TTTT,TTTTT,67193695,67193700,63647904,63647909
314,[T/C]TTTT,TTTTT,67193695,67193700,63647905,63647910
315,[T/C]TTTT,TTTTT,67193695,67193700,63647906,63647911
316,[T/C]TTTT,TTTTT,67193695,67193700,63647907,63647912
317,[T/C]TTTT,TTTTT,67193695,67193700,63649336,63649341
318,[T/C]TTTT,TTTTT,67193695,67193700,63649337,63649342
319,[T/C]TTTT,TTTTT,67193695,67193700,63649338,63649343
320,[TTTTT/-/TTTT/TTTTTT],TTTTT,67193695,67193700,63646885,63646890
321,[TTTTT/-/TTTT/TTTTTT],TTTTT,67193695,67193700,63647198,63647203
322,[TTTTT/-/TTTT/TTTTTT],TTTTT,67193695,67193700,63647199,63647204
323,[TTTTT/-/TTTT/TTTTTT],TTTTT,67193695,67193700,63647200,63647205
324,[TTTTT/-/TTTT/TTTTTT],TTTTT,67193695,67193700,63647796,63647801
325,[TTTTT/-/TTTT/TTTTTT],TTTTT,67193695,67193700,63647903,63647908
326,[TTTTT/-/TTTT/TTTTTT],TTTTT,67193695,67193700,63647904,63647909
327,[TTTTT/-/TTTT/TTTTTT],TTTTT,67193695,67193700,63647905,63647910
328,[TTTTT/-/TTTT/TTTTTT],TTTTT,67193695,67193700,63647906,63647911
329,[TTTTT/-/TTTT/TTTTTT],TTTTT,67193695,67193700,63647907,63647912
330,[TTTTT/-/TTTT/TTTTTT],TTTTT,67193695,67193700,63649336,63649341
331,[TTTTT/-/TTTT/TTTTTT],TTTTT,67193695,67193700,63649337,63649342
332,[TTTTT/-/TTTT/TTTTTT],TTTTT,67193695,67193700,63649338,63649343
333,[TTTTT/-/TTTT/TTTTTT],TTTTT,67193695,67193700,63646885,63646890
334,[TTTTT/-/TTTT/TTTTTT],TTTTT,67193695,67193700,63647198,63647203
335,[TTTTT/-/TTTT/TTTTTT],TTTTT,67193695,67193700,63647199,63647204
336,[TTTTT/-/TTTT/TTTTTT],TTTTT,67193695,67193700,63647200,63647205
337,[TTTTT/-/TTTT/TTTTTT],TTTTT,67193695,67193700,63647796,63647801
338,[TTTTT/-/TTTT/TTTTTT],TTTTT,67193695,67193700,63647903,63647908
339,[TTTTT/-/TTTT/TTTTTT],TTTTT,67193695,67193700,63647904,63647909
340,[TTTTT/-/TTTT/TTTTTT],TTTTT,67193695,67193700,63647905,63647910
341,[TTTTT/-/TTTT/TTTTTT],TTTTT,67193695,67193700,63647906,63647911
342,[TTTTT/-/TTTT/TTTTTT],TTTTT,67193695,67193700,63647907,63647912
343,[TTTTT/-/TTTT/TTTTTT],TTTTT,67193695,67193700,63649336,63649341
344,[TTTTT/-/TTTT/TTTTTT],TTTTT,67193695,67193700,63649337,63649342
345,[TTTTT/-/TTTT/TTTTTT],TTTTT,67193695,67193700,63649338,63649343
346,[TTTTT/-/TTTT/TTTTTT]TT,TTTTTTT,67193695,67193702,63647198,63647205
347,[TTTTT/-/TTTT/TTTTTT]TT,TTTTTTT,67193695,67193702,63647903,63647910
348,[TTTTT/-/TTTT/TTTTTT]TT,TTTTTTT,67193695,67193702,63647904,63647911
349,[TTTTT/-/TTTT/TTTTTT]TT,TTTTTTT,67193695,67193702,63647905,63647912
350,[TTTTT/-/TTTT/TTTTTT]TT,TTTTTTT,67193695,67193702,63649336,63649343
351,[T/C/G]TTTTTT,TTTTTTT,67193695,67193702,63647198,63647205
352,[T/C/G]TTTTTT,TTTTTTT,67193695,67193702,63647903,63647910
353,[T/C/G]TTTTTT,TTTTTTT,67193695,67193702,63647904,63647911
354,[T/C/G]TTTTTT,TTTTTTT,67193695,67193702,63647905,63647912
355,[T/C/G]TTTTTT,TTTTTTT,67193695,67193702,63649336,63649343
356,TTT[T/C]TTT,TTTTTTT,67193695,67193702,63647198,63647205
357,TTT[T/C]TTT,TTTTTTT,67193695,67193702,63647903,63647910
358,TTT[T/C]TTT,TTTTTTT,67193695,67193702,63647904,63647911
359,TTT[T/C]TTT,TTTTTTT,67193695,67193702,63647905,63647912
360,TTT[T/C]TTT,TTTTTTT,67193695,67193702,63649336,63649343
361,[T/C]TTTTTT,TTTTTTT,67193695,67193702,63647198,63647205
362,[T/C]TTTTTT,TTTTTTT,67193695,67193702,63647903,63647910
363,[T/C]TTTTTT,TTTTTTT,67193695,67193702,63647904,63647911
364,[T/C]TTTTTT,TTTTTTT,67193695,67193702,63647905,63647912
365,[T/C]TTTTTT,TTTTTTT,67193695,67193702,63649336,63649343
366,[TTTTT/-/TTTT/TTTTTT]TT,TTTTTTT,67193695,67193702,63647198,63647205
367,[TTTTT/-/TTTT/TTTTTT]TT,TTTTTTT,67193695,67193702,63647903,63647910
368,[TTTTT/-/TTTT/TTTTTT]TT,TTTTTTT,67193695,67193702,63647904,63647911
369,[TTTTT/-/TTTT/TTTTTT]TT,TTTTTTT,67193695,67193702,63647905,63647912
370,[TTTTT/-/TTTT/TTTTTT]TT,TTTTTTT,67193695,67193702,63649336,63649343
371,[TTTTT/-/TTTT/TTTTTT]TT,TTTTTTT,67193695,67193702,63647198,63647205
372,[TTTTT/-/TTTT/TTTTTT]TT,TTTTTTT,67193695,67193702,63647903,63647910
373,[TTTTT/-/TTTT/TTTTTT]TT,TTTTTTT,67193695,67193702,63647904,63647911
374,[TTTTT/-/TTTT/TTTTTT]TT,TTTTTTT,67193695,67193702,63647905,63647912
375,[TTTTT/-/TTTT/TTTTTT]TT,TTTTTTT,67193695,67193702,63649336,63649343
376,[TTTTT/-/TTTT/TTTTTT]TTTT,TTTTTTTTT,67193695,67193704,63647903,63647912
377,TT[T/C/G]TTTTTT,TTTTTTTTT,67193695,67193704,63647903,63647912
378,TTTTT[T/C]TTT,TTTTTTTTT,67193695,67193704,63647903,63647912
379,[T/C]TTTTTTTT,TTTTTTTTT,67193695,67193704,63647903,63647912
380,[T/C]TTTTTTTT,TTTTTTTTT,67193695,67193704,63647903,63647912
381,[TTTTT/-/TTTT/TTTTTT]TTTT,TTTTTTTTT,67193695,67193704,63647903,63647912
382,[TTTTT/-/TTTT/TTTTTT]TTTT,TTTTTTTTT,67193695,67193704,63647903,63647912
383,TT[T/C]TT,TTTTT,67193696,67193701,63646885,63646890
384,TT[T/C]TT,TTTTT,67193696,67193701,63647198,63647203
385,TT[T/C]TT,TTTTT,67193696,67193701,63647199,63647204
386,TT[T/C]TT,TTTTT,67193696,67193701,63647200,63647205
387,TT[T/C]TT,TTTTT,67193696,67193701,63647796,63647801
388,TT[T/C]TT,TTTTT,67193696,67193701,63647903,63647908
389,TT[T/C]TT,TTTTT,67193696,67193701,63647904,63647909
390,TT[T/C]TT,TTTTT,67193696,67193701,63647905,63647910
391,TT[T/C]TT,TTTTT,67193696,67193701,63647906,63647911
392,TT[T/C]TT,TTTTT,67193696,67193701,63647907,63647912
393,TT[T/C]TT,TTTTT,67193696,67193701,63649336,63649341
394,TT[T/C]TT,TTTTT,67193696,67193701,63649337,63649342
395,TT[T/C]TT,TTTTT,67193696,67193701,63649338,63649343
396,[T/A]TTTT,TTTTT,67193696,67193701,63646885,63646890
397,[T/A]TTTT,ATTTT,67193696,67193701,63646886,63646891
398,[T/A]TTTT,TTTTT,67193696,67193701,63647198,63647203
399,[T/A]TTTT,TTTTT,67193696,67193701,63647199,63647204
400,[T/A]TTTT,TTTTT,67193696,67193701,63647200,63647205
401,[T/A]TTTT,TTTTT,67193696,67193701,63647796,63647801
402,[T/A]TTTT,TTTTT,67193696,67193701,63647903,63647908
403,[T/A]TTTT,TTTTT,67193696,67193701,63647904,63647909
404,[T/A]TTTT,TTTTT,67193696,67193701,63647905,63647910
405,[T/A]TTTT,TTTTT,67193696,67193701,63647906,63647911
406,[T/A]TTTT,TTTTT,67193696,67193701,63647907,63647912
407,[T/A]TTTT,ATTTT,67193696,67193701,63648005,63648010
408,[T/A]TTTT,TTTTT,67193696,67193701,63649336,63649341
409,[T/A]TTTT,TTTTT,67193696,67193701,63649337,63649342
410,[T/A]TTTT,TTTTT,67193696,67193701,63649338,63649343
411,[T/A]TTTT,ATTTT,67193696,67193701,63649339,63649344
412,T[T/C/G]TTTTT,TTTTTTT,67193696,67193703,63647198,63647205
413,T[T/C/G]TTTTT,TTTTTTT,67193696,67193703,63647903,63647910
414,T[T/C/G]TTTTT,TTTTTTT,67193696,67193703,63647904,63647911
415,T[T/C/G]TTTTT,TTTTTTT,67193696,67193703,63647905,63647912
416,T[T/C/G]TTTTT,TTTTTTT,67193696,67193703,63649336,63649343
417,TTTT[T/C]TT,TTTTTTT,67193696,67193703,63647198,63647205
418,TTTT[T/C]TT,TTTTTTT,67193696,67193703,63647903,63647910
419,TTTT[T/C]TT,TTTTTTT,67193696,67193703,63647904,63647911
420,TTTT[T/C]TT,TTTTTTT,67193696,67193703,63647905,63647912
421,TTTT[T/C]TT,TTTTTTT,67193696,67193703,63649336,63649343
422,[T/A]TTTTTT,TTTTTTT,67193696,67193703,63647198,63647205
423,[T/A]TTTTTT,TTTTTTT,67193696,67193703,63647903,63647910
424,[T/A]TTTTTT,TTTTTTT,67193696,67193703,63647904,63647911
425,[T/A]TTTTTT,TTTTTTT,67193696,67193703,63647905,63647912
426,[T/A]TTTTTT,TTTTTTT,67193696,67193703,63649336,63649343
427,[T/A]TTTTTT,ATTTTTT,67193696,67193703,63649337,63649344
428,TTT[T/C/G]TTTTT,TTTTTTTTT,67193696,67193705,63647903,63647912
429,TTTTTT[T/C]TT,TTTTTTTTT,67193696,67193705,63647903,63647912
430,[T/A]TTTTTTTT,TTTTTTTTT,67193696,67193705,63647903,63647912
431,T[T/C]TTTTTTT,TTTTTTTTT,67193696,67193705,63647903,63647912
432,[T/A]TTTTTTTT,TTTTTTTTT,67193696,67193705,63647903,63647912
433,TT[T/C/G]TTTT,TTTTTTT,67193697,67193704,63647198,63647205
434,TT[T/C/G]TTTT,TTTTTTT,67193697,67193704,63647903,63647910
435,TT[T/C/G]TTTT,TTTTTTT,67193697,67193704,63647904,63647911
436,TT[T/C/G]TTTT,TTTTTTT,67193697,67193704,63647905,63647912
437,TT[T/C/G]TTTT,TTTTTTT,67193697,67193704,63649336,63649343
438,TTTTT[T/C]T,TTTTTTT,67193697,67193704,63647198,63647205
439,TTTTT[T/C]T,TTTTTTT,67193697,67193704,63647903,63647910
440,TTTTT[T/C]T,TTTTTTT,67193697,67193704,63647904,63647911
441,TTTTT[T/C]T,TTTTTTT,67193697,67193704,63647905,63647912
442,TTTTT[T/C]T,TTTTTTT,67193697,67193704,63649336,63649343
443,[T/C]TTTTTT,TTTTTTT,67193697,67193704,63647198,63647205
444,[T/C]TTTTTT,TTTTTTT,67193697,67193704,63647903,63647910
445,[T/C]TTTTTT,TTTTTTT,67193697,67193704,63647904,63647911
446,[T/C]TTTTTT,TTTTTTT,67193697,67193704,63647905,63647912
447,[T/C]TTTTTT,TTTTTTT,67193697,67193704,63649336,63649343
448,[T/C/G]TTTT,TTTTT,67193697,67193702,63646885,63646890
449,[T/C/G]TTTT,TTTTT,67193697,67193702,63647198,63647203
450,[T/C/G]TTTT,TTTTT,67193697,67193702,63647199,63647204
451,[T/C/G]TTTT,TTTTT,67193697,67193702,63647200,63647205
452,[T/C/G]TTTT,TTTTT,67193697,67193702,63647796,63647801
453,[T/C/G]TTTT,TTTTT,67193697,67193702,63647903,63647908
454,[T/C/G]TTTT,TTTTT,67193697,67193702,63647904,63647909
455,[T/C/G]TTTT,TTTTT,67193697,67193702,63647905,63647910
456,[T/C/G]TTTT,TTTTT,67193697,67193702,63647906,63647911
457,[T/C/G]TTTT,TTTTT,67193697,67193702,63647907,63647912
458,[T/C/G]TTTT,TTTTT,67193697,67193702,63649336,63649341
459,[T/C/G]TTTT,TTTTT,67193697,67193702,63649337,63649342
460,[T/C/G]TTTT,TTTTT,67193697,67193702,63649338,63649343
461,TTT[T/C]T,TTTTT,67193697,67193702,63646885,63646890
462,TTT[T/C]T,TTTTT,67193697,67193702,63647198,63647203
463,TTT[T/C]T,TTTTT,67193697,67193702,63647199,63647204
464,TTT[T/C]T,TTTTT,67193697,67193702,63647200,63647205
465,TTT[T/C]T,TTTTT,67193697,67193702,63647796,63647801
466,TTT[T/C]T,TTTTT,67193697,67193702,63647903,63647908
467,TTT[T/C]T,TTTTT,67193697,67193702,63647904,63647909
468,TTT[T/C]T,TTTTT,67193697,67193702,63647905,63647910
469,TTT[T/C]T,TTTTT,67193697,67193702,63647906,63647911
470,TTT[T/C]T,TTTTT,67193697,67193702,63647907,63647912
471,TTT[T/C]T,TTTTT,67193697,67193702,63649336,63649341
472,TTT[T/C]T,TTTTT,67193697,67193702,63649337,63649342
473,TTT[T/C]T,TTTTT,67193697,67193702,63649338,63649343
474,TTTT[T/C/G]TTTT,TTTTTTTTT,67193697,67193706,63647903,63647912
475,TTTTTTT[T/C]T,TTTTTTTTT,67193697,67193706,63647903,63647912
476,T[T/A]TTTTTTT,TTTTTTTTT,67193697,67193706,63647903,63647912
477,TT[T/C]TTTTTT,TTTTTTTTT,67193697,67193706,63647903,63647912
478,T[T/C/G]TTT,TTTTT,67193698,67193703,63646885,63646890
479,T[T/C/G]TTT,TTTTT,67193698,67193703,63647198,63647203
480,T[T/C/G]TTT,TTTTT,67193698,67193703,63647199,63647204
481,T[T/C/G]TTT,TTTTT,67193698,67193703,63647200,63647205
482,T[T/C/G]TTT,TTTTT,67193698,67193703,63647796,63647801
483,T[T/C/G]TTT,TTTTT,67193698,67193703,63647903,63647908
484,T[T/C/G]TTT,TTTTT,67193698,67193703,63647904,63647909
485,T[T/C/G]TTT,TTTTT,67193698,67193703,63647905,63647910
486,T[T/C/G]TTT,TTTTT,67193698,67193703,63647906,63647911
487,T[T/C/G]TTT,TTTTT,67193698,67193703,63647907,63647912
488,T[T/C/G]TTT,TTTTT,67193698,67193703,63649336,63649341
489,T[T/C/G]TTT,TTTTT,67193698,67193703,63649337,63649342
490,T[T/C/G]TTT,TTTTT,67193698,67193703,63649338,63649343
491,TTT[T/C/G]TTT,TTTTTTT,67193698,67193705,63647198,63647205
492,TTT[T/C/G]TTT,TTTTTTT,67193698,67193705,63647903,63647910
493,TTT[T/C/G]TTT,TTTTTTT,67193698,67193705,63647904,63647911
494,TTT[T/C/G]TTT,TTTTTTT,67193698,67193705,63647905,63647912
495,TTT[T/C/G]TTT,TTTTTTT,67193698,67193705,63649336,63649343
496,[T/A]TTTTTT,TTTTTTT,67193698,67193705,63647198,63647205
497,[T/A]TTTTTT,TTTTTTT,67193698,67193705,63647903,63647910
498,[T/A]TTTTTT,TTTTTTT,67193698,67193705,63647904,63647911
499,[T/A]TTTTTT,TTTTTTT,67193698,67193705,63647905,63647912
500,[T/A]TTTTTT,TTTTTTT,67193698,67193705,63649336,63649343
501,[T/A]TTTTTT,ATTTTTT,67193698,67193705,63649337,63649344
502,T[T/C]TTTTT,TTTTTTT,67193698,67193705,63647198,63647205
503,T[T/C]TTTTT,TTTTTTT,67193698,67193705,63647903,63647910
504,T[T/C]TTTTT,TTTTTTT,67193698,67193705,63647904,63647911
505,T[T/C]TTTTT,TTTTTTT,67193698,67193705,63647905,63647912
506,T[T/C]TTTTT,TTTTTTT,67193698,67193705,63649336,63649343
507,[T/A]TTTTTTTT,TTTTTTTTT,67193698,67193707,63647903,63647912
508,TTTTT[T/C/G]TTT,TTTTTTTTT,67193698,67193707,63647903,63647912
509,TT[T/A]TTTTTT,TTTTTTTTT,67193698,67193707,63647903,63647912
510,TTT[T/C]TTTTT,TTTTTTTTT,67193698,67193707,63647903,63647912
511,TT[T/C/G]TT,TTTTT,67193699,67193704,63646885,63646890
512,TT[T/C/G]TT,TTTTT,67193699,67193704,63647198,63647203
513,TT[T/C/G]TT,TTTTT,67193699,67193704,63647199,63647204
514,TT[T/C/G]TT,TTTTT,67193699,67193704,63647200,63647205
515,TT[T/C/G]TT,TTTTT,67193699,67193704,63647796,63647801
516,TT[T/C/G]TT,TTTTT,67193699,67193704,63647903,63647908
517,TT[T/C/G]TT,TTTTT,67193699,67193704,63647904,63647909
518,TT[T/C/G]TT,TTTTT,67193699,67193704,63647905,63647910
519,TT[T/C/G]TT,TTTTT,67193699,67193704,63647906,63647911
520,TT[T/C/G]TT,TTTTT,67193699,67193704,63647907,63647912
521,TT[T/C/G]TT,TTTTT,67193699,67193704,63649336,63649341
522,TT[T/C/G]TT,TTTTT,67193699,67193704,63649337,63649342
523,TT[T/C/G]TT,TTTTT,67193699,67193704,63649338,63649343
524,[T/C]TTTT,TTTTT,67193699,67193704,63646885,63646890
525,[T/C]TTTT,TTTTT,67193699,67193704,63647198,63647203
526,[T/C]TTTT,TTTTT,67193699,67193704,63647199,63647204
527,[T/C]TTTT,TTTTT,67193699,67193704,63647200,63647205
528,[T/C]TTTT,TTTTT,67193699,67193704,63647796,63647801
529,[T/C]TTTT,TTTTT,67193699,67193704,63647903,63647908
530,[T/C]TTTT,TTTTT,67193699,67193704,63647904,63647909
531,[T/C]TTTT,TTTTT,67193699,67193704,63647905,63647910
532,[T/C]TTTT,TTTTT,67193699,67193704,63647906,63647911
533,[T/C]TTTT,TTTTT,67193699,67193704,63647907,63647912
534,[T/C]TTTT,TTTTT,67193699,67193704,63649336,63649341
535,[T/C]TTTT,TTTTT,67193699,67193704,63649337,63649342
536,[T/C]TTTT,TTTTT,67193699,67193704,63649338,63649343
537,[T/C]TTTT,TTTTT,67193699,67193704,63646885,63646890
538,[T/C]TTTT,TTTTT,67193699,67193704,63647198,63647203
539,[T/C]TTTT,TTTTT,67193699,67193704,63647199,63647204
540,[T/C]TTTT,TTTTT,67193699,67193704,63647200,63647205
541,[T/C]TTTT,TTTTT,67193699,67193704,63647796,63647801
542,[T/C]TTTT,TTTTT,67193699,67193704,63647903,63647908
543,[T/C]TTTT,TTTTT,67193699,67193704,63647904,63647909
544,[T/C]TTTT,TTTTT,67193699,67193704,63647905,63647910
545,[T/C]TTTT,TTTTT,67193699,67193704,63647906,63647911
546,[T/C]TTTT,TTTTT,67193699,67193704,63647907,63647912
547,[T/C]TTTT,TTTTT,67193699,67193704,63649336,63649341
548,[T/C]TTTT,TTTTT,67193699,67193704,63649337,63649342
549,[T/C]TTTT,TTTTT,67193699,67193704,63649338,63649343
550,TTTT[T/C/G]TT,TTTTTTT,67193699,67193706,63647198,63647205
551,TTTT[T/C/G]TT,TTTTTTT,67193699,67193706,63647903,63647910
552,TTTT[T/C/G]TT,TTTTTTT,67193699,67193706,63647904,63647911
553,TTTT[T/C/G]TT,TTTTTTT,67193699,67193706,63647905,63647912
554,TTTT[T/C/G]TT,TTTTTTT,67193699,67193706,63649336,63649343
555,[T/C]TTTTTT,TTTTTTT,67193699,67193706,63647198,63647205
556,[T/C]TTTTTT,TTTTTTT,67193699,67193706,63647903,63647910
557,[T/C]TTTTTT,TTTTTTT,67193699,67193706,63647904,63647911
558,[T/C]TTTTTT,TTTTTTT,67193699,67193706,63647905,63647912
559,[T/C]TTTTTT,TTTTTTT,67193699,67193706,63649336,63649343
560,T[T/A]TTTTT,TTTTTTT,67193699,67193706,63647198,63647205
561,T[T/A]TTTTT,TTTTTTT,67193699,67193706,63647903,63647910
562,T[T/A]TTTTT,TTTTTTT,67193699,67193706,63647904,63647911
563,T[T/A]TTTTT,TTTTTTT,67193699,67193706,63647905,63647912
564,T[T/A]TTTTT,TTTTTTT,67193699,67193706,63649336,63649343
565,TT[T/C]TTTT,TTTTTTT,67193699,67193706,63647198,63647205
566,TT[T/C]TTTT,TTTTTTT,67193699,67193706,63647903,63647910
567,TT[T/C]TTTT,TTTTTTT,67193699,67193706,63647904,63647911
568,TT[T/C]TTTT,TTTTTTT,67193699,67193706,63647905,63647912
569,TT[T/C]TTTT,TTTTTTT,67193699,67193706,63649336,63649343
570,[A/G/T]TTTTTTTA,ATTTTTTTA,67193699,67193708,63649335,63649344
571,TTT[T/C/G]T,TTTTT,67193700,67193705,63646885,63646890
572,TTT[T/C/G]T,TTTTT,67193700,67193705,63647198,63647203
573,TTT[T/C/G]T,TTTTT,67193700,67193705,63647199,63647204
574,TTT[T/C/G]T,TTTTT,67193700,67193705,63647200,63647205
575,TTT[T/C/G]T,TTTTT,67193700,67193705,63647796,63647801
576,TTT[T/C/G]T,TTTTT,67193700,67193705,63647903,63647908
577,TTT[T/C/G]T,TTTTT,67193700,67193705,63647904,63647909
578,TTT[T/C/G]T,TTTTT,67193700,67193705,63647905,63647910
579,TTT[T/C/G]T,TTTTT,67193700,67193705,63647906,63647911
580,TTT[T/C/G]T,TTTTT,67193700,67193705,63647907,63647912
581,TTT[T/C/G]T,TTTTT,67193700,67193705,63649336,63649341
582,TTT[T/C/G]T,TTTTT,67193700,67193705,63649337,63649342
583,TTT[T/C/G]T,TTTTT,67193700,67193705,63649338,63649343
584,[T/A]TTTT,TTTTT,67193700,67193705,63646885,63646890
585,[T/A]TTTT,ATTTT,67193700,67193705,63646886,63646891
586,[T/A]TTTT,TTTTT,67193700,67193705,63647198,63647203
587,[T/A]TTTT,TTTTT,67193700,67193705,63647199,63647204
588,[T/A]TTTT,TTTTT,67193700,67193705,63647200,63647205
589,[T/A]TTTT,TTTTT,67193700,67193705,63647796,63647801
590,[T/A]TTTT,TTTTT,67193700,67193705,63647903,63647908
591,[T/A]TTTT,TTTTT,67193700,67193705,63647904,63647909
592,[T/A]TTTT,TTTTT,67193700,67193705,63647905,63647910
593,[T/A]TTTT,TTTTT,67193700,67193705,63647906,63647911
594,[T/A]TTTT,TTTTT,67193700,67193705,63647907,63647912
595,[T/A]TTTT,ATTTT,67193700,67193705,63648005,63648010
596,[T/A]TTTT,TTTTT,67193700,67193705,63649336,63649341
597,[T/A]TTTT,TTTTT,67193700,67193705,63649337,63649342
598,[T/A]TTTT,TTTTT,67193700,67193705,63649338,63649343
599,[T/A]TTTT,ATTTT,67193700,67193705,63649339,63649344
600,T[T/C]TTT,TTTTT,67193700,67193705,63646885,63646890
601,T[T/C]TTT,TTTTT,67193700,67193705,63647198,63647203
602,T[T/C]TTT,TTTTT,67193700,67193705,63647199,63647204
603,T[T/C]TTT,TTTTT,67193700,67193705,63647200,63647205
604,T[T/C]TTT,TTTTT,67193700,67193705,63647796,63647801
605,T[T/C]TTT,TTTTT,67193700,67193705,63647903,63647908
606,T[T/C]TTT,TTTTT,67193700,67193705,63647904,63647909
607,T[T/C]TTT,TTTTT,67193700,67193705,63647905,63647910
608,T[T/C]TTT,TTTTT,67193700,67193705,63647906,63647911
609,T[T/C]TTT,TTTTT,67193700,67193705,63647907,63647912
610,T[T/C]TTT,TTTTT,67193700,67193705,63649336,63649341
611,T[T/C]TTT,TTTTT,67193700,67193705,63649337,63649342
612,T[T/C]TTT,TTTTT,67193700,67193705,63649338,63649343
613,[T/A]TTTTTT,TTTTTTT,67193700,67193707,63647198,63647205
614,[T/A]TTTTTT,TTTTTTT,67193700,67193707,63647903,63647910
615,[T/A]TTTTTT,TTTTTTT,67193700,67193707,63647904,63647911
616,[T/A]TTTTTT,TTTTTTT,67193700,67193707,63647905,63647912
617,[T/A]TTTTTT,TTTTTTT,67193700,67193707,63649336,63649343
618,[T/A]TTTTTT,ATTTTTT,67193700,67193707,63649337,63649344
619,TTTTT[T/C/G]T,TTTTTTT,67193700,67193707,63647198,63647205
620,TTTTT[T/C/G]T,TTTTTTT,67193700,67193707,63647903,63647910
621,TTTTT[T/C/G]T,TTTTTTT,67193700,67193707,63647904,63647911
622,TTTTT[T/C/G]T,TTTTTTT,67193700,67193707,63647905,63647912
623,TTTTT[T/C/G]T,TTTTTTT,67193700,67193707,63649336,63649343
624,TT[T/A]TTTT,TTTTTTT,67193700,67193707,63647198,63647205
625,TT[T/A]TTTT,TTTTTTT,67193700,67193707,63647903,63647910
626,TT[T/A]TTTT,TTTTTTT,67193700,67193707,63647904,63647911
627,TT[T/A]TTTT,TTTTTTT,67193700,67193707,63647905,63647912
628,TT[T/A]TTTT,TTTTTTT,67193700,67193707,63649336,63649343
629,TTT[T/C]TTT,TTTTTTT,67193700,67193707,63647198,63647205
630,TTT[T/C]TTT,TTTTTTT,67193700,67193707,63647903,63647910
631,TTT[T/C]TTT,TTTTTTT,67193700,67193707,63647904,63647911
632,TTT[T/C]TTT,TTTTTTT,67193700,67193707,63647905,63647912
633,TTT[T/C]TTT,TTTTTTT,67193700,67193707,63649336,63649343
634,T[T/A]TTT,TTTTT,67193701,67193706,63646885,63646890
635,T[T/A]TTT,TTTTT,67193701,67193706,63647198,63647203
636,T[T/A]TTT,TTTTT,67193701,67193706,63647199,63647204
637,T[T/A]TTT,TTTTT,67193701,67193706,63647200,63647205
638,T[T/A]TTT,TTTTT,67193701,67193706,63647796,63647801
639,T[T/A]TTT,TTTTT,67193701,67193706,63647903,63647908
640,T[T/A]TTT,TTTTT,67193701,67193706,63647904,63647909
641,T[T/A]TTT,TTTTT,67193701,67193706,63647905,63647910
642,T[T/A]TTT,TTTTT,67193701,67193706,63647906,63647911
643,T[T/A]TTT,TTTTT,67193701,67193706,63647907,63647912
644,T[T/A]TTT,TTTTT,67193701,67193706,63649336,63649341
645,T[T/A]TTT,TTTTT,67193701,67193706,63649337,63649342
646,T[T/A]TTT,TTTTT,67193701,67193706,63649338,63649343
647,TT[T/C]TT,TTTTT,67193701,67193706,63646885,63646890
648,TT[T/C]TT,TTTTT,67193701,67193706,63647198,63647203
649,TT[T/C]TT,TTTTT,67193701,67193706,63647199,63647204
650,TT[T/C]TT,TTTTT,67193701,67193706,63647200,63647205
651,TT[T/C]TT,TTTTT,67193701,67193706,63647796,63647801
652,TT[T/C]TT,TTTTT,67193701,67193706,63647903,63647908
653,TT[T/C]TT,TTTTT,67193701,67193706,63647904,63647909
654,TT[T/C]TT,TTTTT,67193701,67193706,63647905,63647910
655,TT[T/C]TT,TTTTT,67193701,67193706,63647906,63647911
656,TT[T/C]TT,TTTTT,67193701,67193706,63647907,63647912
657,TT[T/C]TT,TTTTT,67193701,67193706,63649336,63649341
658,TT[T/C]TT,TTTTT,67193701,67193706,63649337,63649342
659,TT[T/C]TT,TTTTT,67193701,67193706,63649338,63649343
660,T[T/A]TTTTA,TTTTTTA,67193701,67193708,63649335,63649342
661,TTT[T/A]TTA,TTTTTTA,67193701,67193708,63649335,63649342
662,TTTT[T/C]TA,TTTTTTA,67193701,67193708,63649335,63649342
663,[A/G/T]TTTTTA,TTTTTTA,67193701,67193708,63649335,63649342
664,[T/A]TTTT,TTTTT,67193702,67193707,63646885,63646890
665,[T/A]TTTT,ATTTT,67193702,67193707,63646886,63646891
666,[T/A]TTTT,TTTTT,67193702,67193707,63647198,63647203
667,[T/A]TTTT,TTTTT,67193702,67193707,63647199,63647204
668,[T/A]TTTT,TTTTT,67193702,67193707,63647200,63647205
669,[T/A]TTTT,TTTTT,67193702,67193707,63647796,63647801
670,[T/A]TTTT,TTTTT,67193702,67193707,63647903,63647908
671,[T/A]TTTT,TTTTT,67193702,67193707,63647904,63647909
672,[T/A]TTTT,TTTTT,67193702,67193707,63647905,63647910
673,[T/A]TTTT,TTTTT,67193702,67193707,63647906,63647911
674,[T/A]TTTT,TTTTT,67193702,67193707,63647907,63647912
675,[T/A]TTTT,ATTTT,67193702,67193707,63648005,63648010
676,[T/A]TTTT,TTTTT,67193702,67193707,63649336,63649341
677,[T/A]TTTT,TTTTT,67193702,67193707,63649337,63649342
678,[T/A]TTTT,TTTTT,67193702,67193707,63649338,63649343
679,[T/A]TTTT,ATTTT,67193702,67193707,63649339,63649344
680,[T/C/G]TTTT,TTTTT,67193702,67193707,63646885,63646890
681,[T/C/G]TTTT,TTTTT,67193702,67193707,63647198,63647203
682,[T/C/G]TTTT,TTTTT,67193702,67193707,63647199,63647204
683,[T/C/G]TTTT,TTTTT,67193702,67193707,63647200,63647205
684,[T/C/G]TTTT,TTTTT,67193702,67193707,63647796,63647801
685,[T/C/G]TTTT,TTTTT,67193702,67193707,63647903,63647908
686,[T/C/G]TTTT,TTTTT,67193702,67193707,63647904,63647909
687,[T/C/G]TTTT,TTTTT,67193702,67193707,63647905,63647910
688,[T/C/G]TTTT,TTTTT,67193702,67193707,63647906,63647911
689,[T/C/G]TTTT,TTTTT,67193702,67193707,63647907,63647912
690,[T/C/G]TTTT,TTTTT,67193702,67193707,63649336,63649341
691,[T/C/G]TTTT,TTTTT,67193702,67193707,63649337,63649342
692,[T/C/G]TTTT,TTTTT,67193702,67193707,63649338,63649343
693,TT[T/A]TT,TTTTT,67193702,67193707,63646885,63646890
694,TT[T/A]TT,TTTTT,67193702,67193707,63647198,63647203
695,TT[T/A]TT,TTTTT,67193702,67193707,63647199,63647204
696,TT[T/A]TT,TTTTT,67193702,67193707,63647200,63647205
697,TT[T/A]TT,TTTTT,67193702,67193707,63647796,63647801
698,TT[T/A]TT,TTTTT,67193702,67193707,63647903,63647908
699,TT[T/A]TT,TTTTT,67193702,67193707,63647904,63647909
700,TT[T/A]TT,TTTTT,67193702,67193707,63647905,63647910
701,TT[T/A]TT,TTTTT,67193702,67193707,63647906,63647911
702,TT[T/A]TT,TTTTT,67193702,67193707,63647907,63647912
703,TT[T/A]TT,TTTTT,67193702,67193707,63649336,63649341
704,TT[T/A]TT,TTTTT,67193702,67193707,63649337,63649342
705,TT[T/A]TT,TTTTT,67193702,67193707,63649338,63649343
706,TTT[T/C]T,TTTTT,67193702,67193707,63646885,63646890
707,TTT[T/C]T,TTTTT,67193702,67193707,63647198,63647203
708,TTT[T/C]T,TTTTT,67193702,67193707,63647199,63647204
709,TTT[T/C]T,TTTTT,67193702,67193707,63647200,63647205
710,TTT[T/C]T,TTTTT,67193702,67193707,63647796,63647801
711,TTT[T/C]T,TTTTT,67193702,67193707,63647903,63647908
712,TTT[T/C]T,TTTTT,67193702,67193707,63647904,63647909
713,TTT[T/C]T,TTTTT,67193702,67193707,63647905,63647910
714,TTT[T/C]T,TTTTT,67193702,67193707,63647906,63647911
715,TTT[T/C]T,TTTTT,67193702,67193707,63647907,63647912
716,TTT[T/C]T,TTTTT,67193702,67193707,63649336,63649341
717,TTT[T/C]T,TTTTT,67193702,67193707,63649337,63649342
718,TTT[T/C]T,TTTTT,67193702,67193707,63649338,63649343
719,[T/-/TT]TTTTAT,TTTTTAT,67193702,67193709,63647794,63647801
720,[T/-/TT]TTTTAT,TTTTTAT,67193702,67193709,63647794,63647801
721,TT[T/A]TTAT,TTTTTAT,67193702,67193709,63647794,63647801
722,[T/C/G]TTTTAT,TTTTTAT,67193702,67193709,63647794,63647801
723,TTTT[T/A]AT,TTTTTAT,67193702,67193709,63647794,63647801
724,T[A/G/T]TTTAT,TATTTAT,67193702,67193709,63646901,63646908
725,T[A/G/T]TTTAT,TATTTAT,67193702,67193709,63647344,63647351
726,T[A/G/T]TTTAT,TTTTTAT,67193702,67193709,63647794,63647801
727,T[T/A]TTA,TTTTA,67193703,67193708,63646892,63646897
728,T[T/A]TTA,TTTTA,67193703,67193708,63647026,63647031
729,T[T/A]TTA,TTTTA,67193703,67193708,63647795,63647800
730,T[T/A]TTA,TTTTA,67193703,67193708,63648279,63648284
731,T[T/A]TTA,TTTTA,67193703,67193708,63649139,63649144
732,T[T/A]TTA,TTTTA,67193703,67193708,63649335,63649340
733,TTT[T/A]A,TTTTA,67193703,67193708,63646892,63646897
734,TTT[T/A]A,TTTTA,67193703,67193708,63647026,63647031
735,TTT[T/A]A,TTTTA,67193703,67193708,63647795,63647800
736,TTT[T/A]A,TTTTA,67193703,67193708,63648279,63648284
737,TTT[T/A]A,TTTTA,67193703,67193708,63649139,63649144
738,TTT[T/A]A,TTTTA,67193703,67193708,63649335,63649340
739,[A/G/T]TTTA,TTTTA,67193703,67193708,63646892,63646897
740,[A/G/T]TTTA,ATTTA,67193703,67193708,63646902,63646907
741,[A/G/T]TTTA,TTTTA,67193703,67193708,63647026,63647031
742,[A/G/T]TTTA,ATTTA,67193703,67193708,63647304,63647309
743,[A/G/T]TTTA,ATTTA,67193703,67193708,63647345,63647350
744,[A/G/T]TTTA,TTTTA,67193703,67193708,63647795,63647800
745,[A/G/T]TTTA,TTTTA,67193703,67193708,63648279,63648284
746,[A/G/T]TTTA,TTTTA,67193703,67193708,63649139,63649144
747,[A/G/T]TTTA,TTTTA,67193703,67193708,63649335,63649340
748,[A/G/T]TTTA,ATTTA,67193703,67193708,63650096,63650101
749,[-/A]ATTTTTTT,AATTTTTTT,67193722,67193731,63649336,63649345
750,AT[T/G]TT,ATTTT,67193723,67193728,63646886,63646891
751,AT[T/G]TT,ATTTT,67193723,67193728,63648005,63648010
752,AT[T/G]TT,ATTTT,67193723,67193728,63649339,63649344
753,ATTTTT[T/G]TA,ATTTTTTTA,67193723,67193732,63649335,63649344
754,ATTT[T/G]TT,ATTTTTT,67193723,67193730,63649337,63649344
755,TTT[T/G]T,TTTTT,67193724,67193729,63646885,63646890
756,TTT[T/G]T,TTTTT,67193724,67193729,63647198,63647203
757,TTT[T/G]T,TTTTT,67193724,67193729,63647199,63647204
758,TTT[T/G]T,TTTTT,67193724,67193729,63647200,63647205
759,TTT[T/G]T,TTTTT,67193724,67193729,63647796,63647801
760,TTT[T/G]T,TTTTT,67193724,67193729,63647903,63647908
761,TTT[T/G]T,TTTTT,67193724,67193729,63647904,63647909
762,TTT[T/G]T,TTTTT,67193724,67193729,63647905,63647910
763,TTT[T/G]T,TTTTT,67193724,67193729,63647906,63647911
764,TTT[T/G]T,TTTTT,67193724,67193729,63647907,63647912
765,TTT[T/G]T,TTTTT,67193724,67193729,63649336,63649341
766,TTT[T/G]T,TTTTT,67193724,67193729,63649337,63649342
767,TTT[T/G]T,TTTTT,67193724,67193729,63649338,63649343
768,[-/T]TTTT,TTTTT,67193724,67193729,63646885,63646890
769,[-/T]TTTT,TTTTT,67193724,67193729,63647198,63647203
770,[-/T]TTTT,TTTTT,67193724,67193729,63647199,63647204
771,[-/T]TTTT,TTTTT,67193724,67193729,63647200,63647205
772,[-/T]TTTT,TTTTT,67193724,67193729,63647796,63647801
773,[-/T]TTTT,TTTTT,67193724,67193729,63647903,63647908
774,[-/T]TTTT,TTTTT,67193724,67193729,63647904,63647909
775,[-/T]TTTT,TTTTT,67193724,67193729,63647905,63647910
776,[-/T]TTTT,TTTTT,67193724,67193729,63647906,63647911
777,[-/T]TTTT,TTTTT,67193724,67193729,63647907,63647912
778,[-/T]TTTT,TTTTT,67193724,67193729,63649336,63649341
779,[-/T]TTTT,TTTTT,67193724,67193729,63649337,63649342
780,[-/T]TTTT,TTTTT,67193724,67193729,63649338,63649343
781,TTTTT[T/G]T,TTTTTTT,67193724,67193731,63647198,63647205
782,TTTTT[T/G]T,TTTTTTT,67193724,67193731,63647903,63647910
783,TTTTT[T/G]T,TTTTTTT,67193724,67193731,63647904,63647911
784,TTTTT[T/G]T,TTTTTTT,67193724,67193731,63647905,63647912
785,TTTTT[T/G]T,TTTTTTT,67193724,67193731,63649336,63649343
786,[-/T]TTTTTT,TTTTTTT,67193724,67193731,63647198,63647205
787,[-/T]TTTTTT,TTTTTTT,67193724,67193731,63647903,63647910
788,[-/T]TTTTTT,TTTTTTT,67193724,67193731,63647904,63647911
789,[-/T]TTTTTT,TTTTTTT,67193724,67193731,63647905,63647912
790,[-/T]TTTTTT,TTTTTTT,67193724,67193731,63649336,63649343
791,[-/A]TTTTTT,ATTTTTT,67193724,67193731,63649337,63649344
792,[T/G]TTTT,TTTTT,67193726,67193731,63646885,63646890
793,[T/G]TTTT,TTTTT,67193726,67193731,63647198,63647203
794,[T/G]TTTT,TTTTT,67193726,67193731,63647199,63647204
795,[T/G]TTTT,TTTTT,67193726,67193731,63647200,63647205
796,[T/G]TTTT,TTTTT,67193726,67193731,63647796,63647801
797,[T/G]TTTT,TTTTT,67193726,67193731,63647903,63647908
798,[T/G]TTTT,TTTTT,67193726,67193731,63647904,63647909
799,[T/G]TTTT,TTTTT,67193726,67193731,63647905,63647910
800,[T/G]TTTT,TTTTT,67193726,67193731,63647906,63647911
801,[T/G]TTTT,TTTTT,67193726,67193731,63647907,63647912
802,[T/G]TTTT,TTTTT,67193726,67193731,63649336,63649341
803,[T/G]TTTT,TTTTT,67193726,67193731,63649337,63649342
804,[T/G]TTTT,TTTTT,67193726,67193731,63649338,63649343
805,[-/A]TTTT,ATTTT,67193726,67193731,63646886,63646891
806,[-/A]TTTT,ATTTT,67193726,67193731,63648005,63648010
807,[-/A]TTTT,ATTTT,67193726,67193731,63649339,63649344
808,GT[T/G]TG,GTTTG,67193781,67193786,63649425,63649430
809,GT[T/G]TG,GTTTG,67193781,67193786,63649503,63649508
810,G[T/C]TTG,GTTTG,67193820,67193825,63649425,63649430
811,G[T/C]TTG,GTTTG,67193820,67193825,63649503,63649508
812,TTT[T/C]A,TTTTA,67193846,67193851,63646892,63646897
813,TTT[T/C]A,TTTTA,67193846,67193851,63647026,63647031
814,TTT[T/C]A,TTTTA,67193846,67193851,63647795,63647800
815,TTT[T/C]A,TTTTA,67193846,67193851,63648279,63648284
816,TTT[T/C]A,TTTTA,67193846,67193851,63649139,63649144
817,TTT[T/C]A,TTTTA,67193846,67193851,63649335,63649340
818,[C/T]TTTA,TTTTA,67193846,67193851,63646892,63646897
819,[C/T]TTTA,TTTTA,67193846,67193851,63647026,63647031
820,[C/T]TTTA,TTTTA,67193846,67193851,63647795,63647800
821,[C/T]TTTA,TTTTA,67193846,67193851,63648279,63648284
822,[C/T]TTTA,TTTTA,67193846,67193851,63649139,63649144
823,[C/T]TTTA,TTTTA,67193846,67193851,63649335,63649340
824,ATT[T/-]T,ATTTT,67194164,67194169,63646886,63646891
825,ATT[T/-]T,ATTTT,67194164,67194169,63648005,63648010
826,ATT[T/-]T,ATTTT,67194164,67194169,63649339,63649344
827,A[T/A]TTT,ATTTT,67194496,67194501,63646886,63646891
828,A[T/A]TTT,ATTTT,67194496,67194501,63648005,63648010
829,A[T/A]TTT,ATTTT,67194496,67194501,63649339,63649344
830,ATT[T/A]TTT,ATTTTTT,67194496,67194503,63649337,63649344
831,TT[T/A]TT,TTTTT,67194497,67194502,63646885,63646890
832,TT[T/A]TT,TTTTT,67194497,67194502,63647198,63647203
833,TT[T/A]TT,TTTTT,67194497,67194502,63647199,63647204
834,TT[T/A]TT,TTTTT,67194497,67194502,63647200,63647205
835,TT[T/A]TT,TTTTT,67194497,67194502,63647796,63647801
836,TT[T/A]TT,TTTTT,67194497,67194502,63647903,63647908
837,TT[T/A]TT,TTTTT,67194497,67194502,63647904,63647909
838,TT[T/A]TT,TTTTT,67194497,67194502,63647905,63647910
839,TT[T/A]TT,TTTTT,67194497,67194502,63647906,63647911
840,TT[T/A]TT,TTTTT,67194497,67194502,63647907,63647912
841,TT[T/A]TT,TTTTT,67194497,67194502,63649336,63649341
842,TT[T/A]TT,TTTTT,67194497,67194502,63649337,63649342
843,TT[T/A]TT,TTTTT,67194497,67194502,63649338,63649343
844,[A/T]TTTT,TTTTT,67194497,67194502,63646885,63646890
845,[A/T]TTTT,ATTTT,67194497,67194502,63646886,63646891
846,[A/T]TTTT,TTTTT,67194497,67194502,63647198,63647203
847,[A/T]TTTT,TTTTT,67194497,67194502,63647199,63647204
848,[A/T]TTTT,TTTTT,67194497,67194502,63647200,63647205
849,[A/T]TTTT,TTTTT,67194497,67194502,63647796,63647801
850,[A/T]TTTT,TTTTT,67194497,67194502,63647903,63647908
851,[A/T]TTTT,TTTTT,67194497,67194502,63647904,63647909
852,[A/T]TTTT,TTTTT,67194497,67194502,63647905,63647910
853,[A/T]TTTT,TTTTT,67194497,67194502,63647906,63647911
854,[A/T]TTTT,TTTTT,67194497,67194502,63647907,63647912
855,[A/T]TTTT,ATTTT,67194497,67194502,63648005,63648010
856,[A/T]TTTT,TTTTT,67194497,67194502,63649336,63649341
857,[A/T]TTTT,TTTTT,67194497,67194502,63649337,63649342
858,[A/T]TTTT,TTTTT,67194497,67194502,63649338,63649343
859,[A/T]TTTT,ATTTT,67194497,67194502,63649339,63649344
860,TTTTTT[T/A]TT,TTTTTTTTT,67194497,67194506,63647903,63647912
861,[A/T]TTTTTTTT,TTTTTTTTT,67194497,67194506,63647903,63647912
862,TTTT[T/A]TT,TTTTTTT,67194497,67194504,63647198,63647205
863,TTTT[T/A]TT,TTTTTTT,67194497,67194504,63647903,63647910
864,TTTT[T/A]TT,TTTTTTT,67194497,67194504,63647904,63647911
865,TTTT[T/A]TT,TTTTTTT,67194497,67194504,63647905,63647912
866,TTTT[T/A]TT,TTTTTTT,67194497,67194504,63649336,63649343
867,[A/T]TTTTTT,TTTTTTT,67194497,67194504,63647198,63647205
868,[A/T]TTTTTT,TTTTTTT,67194497,67194504,63647903,63647910
869,[A/T]TTTTTT,TTTTTTT,67194497,67194504,63647904,63647911
870,[A/T]TTTTTT,TTTTTTT,67194497,67194504,63647905,63647912
871,[A/T]TTTTTT,TTTTTTT,67194497,67194504,63649336,63649343
872,[A/T]TTTTTT,ATTTTTT,67194497,67194504,63649337,63649344
873,TTT[T/A]T,TTTTT,67194498,67194503,63646885,63646890
874,TTT[T/A]T,TTTTT,67194498,67194503,63647198,63647203
875,TTT[T/A]T,TTTTT,67194498,67194503,63647199,63647204
876,TTT[T/A]T,TTTTT,67194498,67194503,63647200,63647205
877,TTT[T/A]T,TTTTT,67194498,67194503,63647796,63647801
878,TTT[T/A]T,TTTTT,67194498,67194503,63647903,63647908
879,TTT[T/A]T,TTTTT,67194498,67194503,63647904,63647909
880,TTT[T/A]T,TTTTT,67194498,67194503,63647905,63647910
881,TTT[T/A]T,TTTTT,67194498,67194503,63647906,63647911
882,TTT[T/A]T,TTTTT,67194498,67194503,63647907,63647912
883,TTT[T/A]T,TTTTT,67194498,67194503,63649336,63649341
884,TTT[T/A]T,TTTTT,67194498,67194503,63649337,63649342
885,TTT[T/A]T,TTTTT,67194498,67194503,63649338,63649343
886,[TTTTT/-/TTTTTT],TTTTT,67194498,67194503,63646885,63646890
887,[TTTTT/-/TTTTTT],TTTTT,67194498,67194503,63647198,63647203
888,[TTTTT/-/TTTTTT],TTTTT,67194498,67194503,63647199,63647204
889,[TTTTT/-/TTTTTT],TTTTT,67194498,67194503,63647200,63647205
890,[TTTTT/-/TTTTTT],TTTTT,67194498,67194503,63647796,63647801
891,[TTTTT/-/TTTTTT],TTTTT,67194498,67194503,63647903,63647908
892,[TTTTT/-/TTTTTT],TTTTT,67194498,67194503,63647904,63647909
893,[TTTTT/-/TTTTTT],TTTTT,67194498,67194503,63647905,63647910
894,[TTTTT/-/TTTTTT],TTTTT,67194498,67194503,63647906,63647911
895,[TTTTT/-/TTTTTT],TTTTT,67194498,67194503,63647907,63647912
896,[TTTTT/-/TTTTTT],TTTTT,67194498,67194503,63649336,63649341
897,[TTTTT/-/TTTTTT],TTTTT,67194498,67194503,63649337,63649342
898,[TTTTT/-/TTTTTT],TTTTT,67194498,67194503,63649338,63649343
899,TTTTT[T/A]T,TTTTTTT,67194498,67194505,63647198,63647205
900,TTTTT[T/A]T,TTTTTAT,67194498,67194505,63647794,63647801
901,TTTTT[T/A]T,TTTTTTT,67194498,67194505,63647903,63647910
902,TTTTT[T/A]T,TTTTTTT,67194498,67194505,63647904,63647911
903,TTTTT[T/A]T,TTTTTTT,67194498,67194505,63647905,63647912
904,TTTTT[T/A]T,TTTTTTT,67194498,67194505,63649336,63649343
905,[TTTTT/-/TTTTTT]TT,TTTTTTT,67194498,67194505,63647198,63647205
906,[TTTTT/-/TTTTTT]TT,TTTTTTT,67194498,67194505,63647903,63647910
907,[TTTTT/-/TTTTTT]TT,TTTTTTT,67194498,67194505,63647904,63647911
908,[TTTTT/-/TTTTTT]TT,TTTTTTT,67194498,67194505,63647905,63647912
909,[TTTTT/-/TTTTTT]TT,TTTTTTT,67194498,67194505,63649336,63649343
910,[T/A]TTTT,TTTTT,67194500,67194505,63646885,63646890
911,[T/A]TTTT,ATTTT,67194500,67194505,63646886,63646891
912,[T/A]TTTT,TTTTT,67194500,67194505,63647198,63647203
913,[T/A]TTTT,TTTTT,67194500,67194505,63647199,63647204
914,[T/A]TTTT,TTTTT,67194500,67194505,63647200,63647205
915,[T/A]TTTT,TTTTT,67194500,67194505,63647796,63647801
916,[T/A]TTTT,TTTTT,67194500,67194505,63647903,63647908
917,[T/A]TTTT,TTTTT,67194500,67194505,63647904,63647909
918,[T/A]TTTT,TTTTT,67194500,67194505,63647905,63647910
919,[T/A]TTTT,TTTTT,67194500,67194505,63647906,63647911
920,[T/A]TTTT,TTTTT,67194500,67194505,63647907,63647912
921,[T/A]TTTT,ATTTT,67194500,67194505,63648005,63648010
922,[T/A]TTTT,TTTTT,67194500,67194505,63649336,63649341
923,[T/A]TTTT,TTTTT,67194500,67194505,63649337,63649342
924,[T/A]TTTT,TTTTT,67194500,67194505,63649338,63649343
925,[T/A]TTTT,ATTTT,67194500,67194505,63649339,63649344
926,[T/A]TTTTTA,TTTTTTA,67194500,67194507,63649335,63649342
927,[T/C]ATTTAT,TATTTAT,67194547,67194554,63646901,63646908
928,[T/C]ATTTAT,TATTTAT,67194547,67194554,63647344,63647351
929,AATTTT[T/-/TT]TT,AATTTTTTT,67194593,67194602,63649336,63649345
930,AATTTT[T/-/TT]TT,AATTTTTTT,67194593,67194602,63649336,63649345
931,AATT[T/-/TT]TT,AATTTTT,67194593,67194600,63649338,63649345
932,AATT[T/-/TT]TT,AATTTTT,67194593,67194600,63649338,63649345
933,ATTTT[T/-/TT]T,ATTTTTT,67194594,67194601,63649337,63649344
934,ATTTT[T/-/TT]T,ATTTTTT,67194594,67194601,63649337,63649344
935,ATT[T/-/TT]T,ATTTT,67194594,67194599,63646886,63646891
936,ATT[T/-/TT]T,ATTTT,67194594,67194599,63648005,63648010
937,ATT[T/-/TT]T,ATTTT,67194594,67194599,63649339,63649344
938,ATT[T/-/TT]T,ATTTT,67194594,67194599,63646886,63646891
939,ATT[T/-/TT]T,ATTTT,67194594,67194599,63648005,63648010
940,ATT[T/-/TT]T,ATTTT,67194594,67194599,63649339,63649344
941,[T/A]TTTTTTTT,TTTTTTTTT,67194594,67194603,63647903,63647912
942,[T/-/TT]TTTT,TTTTT,67194596,67194601,63646885,63646890
943,[T/-/TT]TTTT,TTTTT,67194596,67194601,63647198,63647203
944,[T/-/TT]TTTT,TTTTT,67194596,67194601,63647199,63647204
945,[T/-/TT]TTTT,TTTTT,67194596,67194601,63647200,63647205
946,[T/-/TT]TTTT,TTTTT,67194596,67194601,63647796,63647801
947,[T/-/TT]TTTT,TTTTT,67194596,67194601,63647903,63647908
948,[T/-/TT]TTTT,TTTTT,67194596,67194601,63647904,63647909
949,[T/-/TT]TTTT,TTTTT,67194596,67194601,63647905,63647910
950,[T/-/TT]TTTT,TTTTT,67194596,67194601,63647906,63647911
951,[T/-/TT]TTTT,TTTTT,67194596,67194601,63647907,63647912
952,[T/-/TT]TTTT,TTTTT,67194596,67194601,63649336,63649341
953,[T/-/TT]TTTT,TTTTT,67194596,67194601,63649337,63649342
954,[T/-/TT]TTTT,TTTTT,67194596,67194601,63649338,63649343
955,[T/-/TT]TTTT,TTTTT,67194596,67194601,63646885,63646890
956,[T/-/TT]TTTT,TTTTT,67194596,67194601,63647198,63647203
957,[T/-/TT]TTTT,TTTTT,67194596,67194601,63647199,63647204
958,[T/-/TT]TTTT,TTTTT,67194596,67194601,63647200,63647205
959,[T/-/TT]TTTT,TTTTT,67194596,67194601,63647796,63647801
960,[T/-/TT]TTTT,TTTTT,67194596,67194601,63647903,63647908
961,[T/-/TT]TTTT,TTTTT,67194596,67194601,63647904,63647909
962,[T/-/TT]TTTT,TTTTT,67194596,67194601,63647905,63647910
963,[T/-/TT]TTTT,TTTTT,67194596,67194601,63647906,63647911
964,[T/-/TT]TTTT,TTTTT,67194596,67194601,63647907,63647912
965,[T/-/TT]TTTT,TTTTT,67194596,67194601,63649336,63649341
966,[T/-/TT]TTTT,TTTTT,67194596,67194601,63649337,63649342
967,[T/-/TT]TTTT,TTTTT,67194596,67194601,63649338,63649343
968,[T/A]TTTTTT,TTTTTTT,67194596,67194603,63647198,63647205
969,[T/A]TTTTTT,TTTTTTT,67194596,67194603,63647903,63647910
970,[T/A]TTTTTT,TTTTTTT,67194596,67194603,63647904,63647911
971,[T/A]TTTTTT,TTTTTTT,67194596,67194603,63647905,63647912
972,[T/A]TTTTTT,TTTTTTT,67194596,67194603,63649336,63649343
973,[T/A]TTTTTT,ATTTTTT,67194596,67194603,63649337,63649344
974,[T/-/TT]TTTTTT,TTTTTTT,67194596,67194603,63647198,63647205
975,[T/-/TT]TTTTTT,TTTTTTT,67194596,67194603,63647903,63647910
976,[T/-/TT]TTTTTT,TTTTTTT,67194596,67194603,63647904,63647911
977,[T/-/TT]TTTTTT,TTTTTTT,67194596,67194603,63647905,63647912
978,[T/-/TT]TTTTTT,TTTTTTT,67194596,67194603,63649336,63649343
979,[T/-/TT]TTTTTT,TTTTTTT,67194596,67194603,63647198,63647205
980,[T/-/TT]TTTTTT,TTTTTTT,67194596,67194603,63647903,63647910
981,[T/-/TT]TTTTTT,TTTTTTT,67194596,67194603,63647904,63647911
982,[T/-/TT]TTTTTT,TTTTTTT,67194596,67194603,63647905,63647912
983,[T/-/TT]TTTTTT,TTTTTTT,67194596,67194603,63649336,63649343
984,T[T/A]TTTTA,TTTTTTA,67194597,67194604,63649335,63649342
985,[T/A]TTTT,TTTTT,67194598,67194603,63646885,63646890
986,[T/A]TTTT,ATTTT,67194598,67194603,63646886,63646891
987,[T/A]TTTT,TTTTT,67194598,67194603,63647198,63647203
988,[T/A]TTTT,TTTTT,67194598,67194603,63647199,63647204
989,[T/A]TTTT,TTTTT,67194598,67194603,63647200,63647205
990,[T/A]TTTT,TTTTT,67194598,67194603,63647796,63647801
991,[T/A]TTTT,TTTTT,67194598,67194603,63647903,63647908
992,[T/A]TTTT,TTTTT,67194598,67194603,63647904,63647909
993,[T/A]TTTT,TTTTT,67194598,67194603,63647905,63647910
994,[T/A]TTTT,TTTTT,67194598,67194603,63647906,63647911
995,[T/A]TTTT,TTTTT,67194598,67194603,63647907,63647912
996,[T/A]TTTT,ATTTT,67194598,67194603,63648005,63648010
997,[T/A]TTTT,TTTTT,67194598,67194603,63649336,63649341
998,[T/A]TTTT,TTTTT,67194598,67194603,63649337,63649342
999,[T/A]TTTT,TTTTT,67194598,67194603,63649338,63649343
1000,[T/A]TTTT,ATTTT,67194598,67194603,63649339,63649344
1001,T[T/A]TTA,TTTTA,67194599,67194604,63646892,63646897
1002,T[T/A]TTA,TTTTA,67194599,67194604,63647026,63647031
1003,T[T/A]TTA,TTTTA,67194599,67194604,63647795,63647800
1004,T[T/A]TTA,TTTTA,67194599,67194604,63648279,63648284
1005,T[T/A]TTA,TTTTA,67194599,67194604,63649139,63649144
1006,T[T/A]TTA,TTTTA,67194599,67194604,63649335,63649340
1007,T[T/G]TTT,TTTTT,67194694,67194699,63646885,63646890
1008,T[T/G]TTT,TTTTT,67194694,67194699,63647198,63647203
1009,T[T/G]TTT,TTTTT,67194694,67194699,63647199,63647204
1010,T[T/G]TTT,TTTTT,67194694,67194699,63647200,63647205
1011,T[T/G]TTT,TTTTT,67194694,67194699,63647796,63647801
1012,T[T/G]TTT,TTTTT,67194694,67194699,63647903,63647908
1013,T[T/G]TTT,TTTTT,67194694,67194699,63647904,63647909
1014,T[T/G]TTT,TTTTT,67194694,67194699,63647905,63647910
1015,T[T/G]TTT,TTTTT,67194694,67194699,63647906,63647911
1016,T[T/G]TTT,TTTTT,67194694,67194699,63647907,63647912
1017,T[T/G]TTT,TTTTT,67194694,67194699,63649336,63649341
1018,T[T/G]TTT,TTTTT,67194694,67194699,63649337,63649342
1019,T[T/G]TTT,TTTTT,67194694,67194699,63649338,63649343
1020,TT[T/C]TA,TTTTA,67194991,67194996,63646892,63646897
1021,TT[T/C]TA,TTTTA,67194991,67194996,63647026,63647031
1022,TT[T/C]TA,TTTTA,67194991,67194996,63647795,63647800
1023,TT[T/C]TA,TTTTA,67194991,67194996,63648279,63648284
1024,TT[T/C]TA,TTTTA,67194991,67194996,63649139,63649144
1025,TT[T/C]TA,TTTTA,67194991,67194996,63649335,63649340
1026,TATTT[A/T]T,TATTTAT,67195020,67195027,63646901,63646908
1027,TATTT[A/T]T,TATTTAT,67195020,67195027,63647344,63647351
1028,T[A/G]TTTAT,TATTTAT,67195020,67195027,63646901,63646908
1029,T[A/G]TTTAT,TATTTAT,67195020,67195027,63647344,63647351
1030,[A/G]TTTA,ATTTA,67195021,67195026,63646902,63646907
1031,[A/G]TTTA,ATTTA,67195021,67195026,63647304,63647309
1032,[A/G]TTTA,ATTTA,67195021,67195026,63647345,63647350
1033,[A/G]TTTA,ATTTA,67195021,67195026,63650096,63650101
1034,T[T/G]TTA,TTTTA,67195031,67195036,63646892,63646897
1035,T[T/G]TTA,TTTTA,67195031,67195036,63647026,63647031
1036,T[T/G]TTA,TTTTA,67195031,67195036,63647795,63647800
1037,T[T/G]TTA,TTTTA,67195031,67195036,63648279,63648284
1038,T[T/G]TTA,TTTTA,67195031,67195036,63649139,63649144
1039,T[T/G]TTA,TTTTA,67195031,67195036,63649335,63649340
1040,AT[T/A]TT,ATTTT,67195037,67195042,63646886,63646891
1041,AT[T/A]TT,ATTTT,67195037,67195042,63648005,63648010
1042,AT[T/A]TT,ATTTT,67195037,67195042,63649339,63649344
1043,[T/C]TTTT,TTTTT,67195038,67195043,63646885,63646890
1044,[T/C]TTTT,TTTTT,67195038,67195043,63647198,63647203
1045,[T/C]TTTT,TTTTT,67195038,67195043,63647199,63647204
1046,[T/C]TTTT,TTTTT,67195038,67195043,63647200,63647205
1047,[T/C]TTTT,TTTTT,67195038,67195043,63647796,63647801
1048,[T/C]TTTT,TTTTT,67195038,67195043,63647903,63647908
1049,[T/C]TTTT,TTTTT,67195038,67195043,63647904,63647909
1050,[T/C]TTTT,TTTTT,67195038,67195043,63647905,63647910
1051,[T/C]TTTT,TTTTT,67195038,67195043,63647906,63647911
1052,[T/C]TTTT,TTTTT,67195038,67195043,63647907,63647912
1053,[T/C]TTTT,TTTTT,67195038,67195043,63649336,63649341
1054,[T/C]TTTT,TTTTT,67195038,67195043,63649337,63649342
1055,[T/C]TTTT,TTTTT,67195038,67195043,63649338,63649343
1056,TTT[T/A]T,TTTTT,67195038,67195043,63646885,63646890
1057,TTT[T/A]T,TTTTT,67195038,67195043,63647198,63647203
1058,TTT[T/A]T,TTTTT,67195038,67195043,63647199,63647204
1059,TTT[T/A]T,TTTTT,67195038,67195043,63647200,63647205
1060,TTT[T/A]T,TTTTT,67195038,67195043,63647796,63647801
1061,TTT[T/A]T,TTTTT,67195038,67195043,63647903,63647908
1062,TTT[T/A]T,TTTTT,67195038,67195043,63647904,63647909
1063,TTT[T/A]T,TTTTT,67195038,67195043,63647905,63647910
1064,TTT[T/A]T,TTTTT,67195038,67195043,63647906,63647911
1065,TTT[T/A]T,TTTTT,67195038,67195043,63647907,63647912
1066,TTT[T/A]T,TTTTT,67195038,67195043,63649336,63649341
1067,TTT[T/A]T,TTTTT,67195038,67195043,63649337,63649342
1068,TTT[T/A]T,TTTTT,67195038,67195043,63649338,63649343
